id,last_name,first_name,team,position,opponent,games,innings,singles,doubles,triples,home_runs,walks,strikeouts,runs,earned_runs,opp_ba,cg,qs,wins,losses,saves,blown_saves,holds,hbp,outs,odds,weather,injury, price_fanduel,price_yahoo,price_draftkings,price_draftday,price_starstreet,price_fantasyfeud,price_fanthrowdown,price_starfantasyleagues,price_fantasyaces, positions_fanduel,positions_yahoo,positions_draftkings,positions_draftday,positions_starstreet,positions_fantasyfeud,positions_fanthrowdown,positions_starfantasyleagues,positions_fantasyaces,price_victiv,positions_victiv
4471,Scherzer,Max,WAS,SP,@ BAL,1.00,6.70,3.14,1.18,0.03,0.71,0.95,8.68,2.01,1.85,0.21,0.079,0.761,0.57,0.39,0.00,0.00,0.00,0.000,20.10,-1.5 (+145) (o/u 7.0) (-115),81 I CF 2-4 10% outdoor,,12000,30,13500,25000,0,176500,0,23800,8250,P,P,SP,P,,SP,,SP,SP,14100,P
1109,Cueto,Johnny,CIN,SP,@ MIA,1.00,7.10,3.49,0.95,0.16,0.19,1.44,6.27,2.07,1.91,0.21,0.121,0.767,0.49,0.31,0.00,0.00,0.00,0.000,21.30,-1.5 (EVEN) (o/u 6.5) (-160),90 I CF 2-9 20%  retractable,,11000,59,10900,20300,0,154900,0,20100,7450,P,P,SP,P,,SP,,SP,SP,16200,P
6044,Arrieta,Jake,CHC,SP,CHW,1.00,6.30,3.24,0.90,0.15,0.32,1.17,6.82,1.77,1.63,0.22,0.048,0.776,0.50,0.39,0.00,0.00,0.00,0.000,18.90,-1.5 (+130) (o/u 6.0) (-173),72 I CF 6-6 20% outdoor,,10100,57,10000,18600,0,158700,0,17600,7250,P,P,SP,P,,SP,,SP,SP,17100,P
6454,Kluber,Corey,CLE,SP,OAK,1.00,6.90,4.24,1.41,0.13,0.44,1.59,6.86,2.34,2.15,0.24,0.099,0.726,0.48,0.22,0.00,0.00,0.00,0.000,20.70,-1.5 (+165) (o/u 6.5) (-133),74 O LF 5-10 60% outdoor,,11000,57,11400,19800,0,138900,0,19000,7900,P,P,SP,P,,SP,,SP,SP,16900,P
2849,Liriano,Francisco,PIT,SP,STL,1.00,5.80,2.89,0.87,0.06,0.43,2.27,6.60,2.15,1.98,0.22,0.040,0.692,0.46,0.34,0.00,0.00,0.00,0.000,17.40,-1.5 (+120) (o/u 7.0) (-173),75 I RF 3-4 40% outdoor,,10000,52,9700,18800,0,128300,0,17200,6850,P,P,SP,P,,SP,,SP,SP,0,P
7709,Quintana,Jose,CHW,SP,@ CHC,1.00,6.30,4.35,1.42,0.17,0.55,1.87,6.86,2.33,2.15,0.31,0.048,0.692,0.38,0.20,0.00,0.00,0.00,0.000,18.90,+1.5 (-150) (o/u 6.0) (+158),72 I CF 6-6 20% outdoor,,8200,45,8100,14100,0,97300,0,13200,5650,P,P,SP,P,,SP,,SP,SP,14700,P
9103,McCullers,Lance,HOU,SP,@ TB,1.00,5.80,3.02,1.29,0.18,0.33,2.15,6.02,2.14,1.96,0.23,0.040,0.695,0.47,0.29,0.00,0.00,0.00,0.000,17.40,-1.5 (+125) (o/u 7.0) (-131),dome ,,6700,46,7700,13700,0,125800,0,10900,5500,P,P,SP,P,,SP,,SP,SP,15600,P
7587,Gray,Sonny,OAK,SP,@ CLE,1.00,6.80,4.17,0.82,0.06,0.34,2.08,5.36,2.69,2.47,0.22,0.089,0.666,0.41,0.23,0.00,0.00,0.00,0.000,20.40,+1.5 (-195) (o/u 6.5) (+123),74 O LF 5-10 60% outdoor,,9900,52,9400,18450,0,152400,0,18300,7650,P,P,SP,P,,SP,,SP,SP,15300,P
6227,Moore,Matt,TB,SP,HOU,1.00,5.50,3.24,1.12,0.12,0.62,2.32,6.42,2.43,2.24,0.25,0.040,0.614,0.41,0.23,0.00,0.00,0.00,0.000,16.50,+1.5 (-145) (o/u 7.0) (+121),dome ,,6400,32,7000,8500,0,85000,0,11500,6000,P,P,SP,P,,SP,,SP,SP,15600,P
8465,Heston,Chris,SF,SP,PHI,1.00,6.10,3.80,1.26,0.21,0.26,1.42,5.11,2.07,1.91,0.27,0.040,0.722,0.49,0.42,0.00,0.00,0.00,0.000,18.30,-1.5 (-120) (o/u 7.5) (-225),65 O LF 7-10 0% outdoor,,7300,39,6500,11250,0,0,0,11600,5600,P,P,SP,P,,,,SP,SP,15800,P
6109,Ross,Tyson,SD,SP,@ TEX,1.00,5.80,4.25,0.78,0.18,0.30,2.58,5.74,2.31,2.12,0.26,0.040,0.663,0.48,0.30,0.00,0.00,0.00,0.000,17.40,+1.5 (-165) (o/u 9.0) (+126),92 I RF 9-9 0% outdoor,,8400,48,7900,14750,0,108700,0,14400,6750,P,P,SP,P,,SP,,SP,SP,14100,P
7568,Chen,Wei-Yin,BAL,SP,WAS,1.00,6.00,3.02,1.33,0.04,1.15,1.34,5.70,3.26,3.00,0.25,0.040,0.500,0.31,0.20,0.00,0.00,0.00,0.000,18.00,+1.5 (-165) (o/u 7.0) (+105),81 I CF 2-4 10% outdoor,,7700,46,7600,14400,0,131500,0,14200,5750,P,P,SP,P,,SP,,SP,SP,16600,P
8417,Wood,Alex,ATL,SP,@ COL,1.00,6.20,5.78,0.95,0.08,0.56,1.51,5.13,2.60,2.39,0.35,0.043,0.641,0.48,0.30,0.00,0.00,0.00,0.000,18.60,+1.5 (-165) (o/u 10.5) (+114),90 O CF 5-5 0% outdoor,,8000,25,6900,13750,0,86200,0,12800,6250,P,P,SP,P,,SP,,SP,SP,13800,P
7586,Walker,Taijuan,SEA,SP,LAA,1.00,5.70,3.23,1.05,0.03,0.74,1.84,5.43,2.77,2.55,0.24,0.040,0.568,0.38,0.24,0.00,0.00,0.00,0.000,17.10,-1.5 (+190) (o/u 7.0) (+102),68 O CF 6-6 50%  retractable,,8000,46,7800,14500,0,120500,0,13500,5850,P,P,SP,P,,SP,,SP,SP,16200,P
6335,De La Rosa,Rubby,ARI,SP,@ NYM,1.00,5.80,2.91,1.38,0.05,0.81,1.86,5.24,2.94,2.71,0.27,0.040,0.540,0.43,0.25,0.00,0.00,0.00,0.000,17.40,+1.5 (-235) (o/u 7.5) (-117),89 I CF 3-6 0% outdoor,,6600,39,7200,11700,0,102600,0,11900,5650,P,P,SP,P,,SP,,SP,SP,14600,P
5759,Anderson,Brett,LAD,SP,MIL,1.00,5.90,4.16,0.98,0.06,0.46,1.52,4.48,2.49,2.29,0.29,0.040,0.637,0.53,0.33,0.00,0.00,0.00,0.000,17.70,-1.5 (+140) (o/u 7.5) (-157),80 O RF 3-6 0% outdoor,,7700,42,7400,12100,0,116100,0,13000,5550,P,P,SP,P,,SP,,SP,SP,16500,P
1676,Gallardo,Yovani,TEX,SP,SD,1.00,5.90,4.06,0.70,0.08,0.61,1.68,4.89,2.68,2.47,0.25,0.040,0.603,0.40,0.28,0.00,0.00,0.00,0.000,17.70,-1.5 (+145) (o/u 9.0) (-136),92 I RF 9-9 0% outdoor,,7900,43,7100,14050,0,104000,0,13100,5650,P,P,SP,P,,SP,,SP,SP,16100,P
3558,Niese,Jon,NYM,SP,ARI,1.00,6.20,4.44,1.23,0.19,0.60,1.80,4.92,2.83,2.60,0.31,0.043,0.599,0.45,0.21,0.00,0.00,0.00,0.000,18.60,-1.5 (+195) (o/u 7.5) (+107),89 I CF 3-6 0% outdoor,,7700,25,7300,11200,0,90100,0,9000,5700,P,P,SP,P,,SP,,SP,SP,16400,P
6226,Gibson,Kyle,MIN,SP,DET,1.00,6.30,4.54,1.16,0.08,0.50,1.85,4.53,2.85,2.62,0.26,0.048,0.606,0.41,0.25,0.00,0.00,0.00,0.000,18.90,-1.5 (+145) (o/u 9.0) (-130),83 I RF 8-8 30% outdoor,,6800,44,6700,13350,0,122900,0,12200,5250,P,P,SP,P,,SP,,SP,SP,15600,P
8489,Greene,Shane,DET,SP,@ MIN,1.00,5.60,4.14,1.00,0.34,0.55,1.71,4.79,2.55,2.34,0.29,0.040,0.603,0.47,0.29,0.00,0.00,0.00,0.000,16.80,+1.5 (-165) (o/u 9.0) (+120),83 I RF 8-8 30% outdoor,,6600,0,4300,8500,0,75000,0,9400,5850,P,,SP,P,,SP,,SP,SP,12900,P
6237,Miley,Wade,BOS,SP,NYY,1.00,6.10,4.29,1.33,0.12,0.55,2.54,5.09,2.97,2.73,0.27,0.040,0.564,0.38,0.25,0.00,0.00,0.00,0.000,18.30,-1.5 (+170) (o/u 9.0) (EVEN),91 O RF 6-9 10% outdoor,,7800,43,6400,12150,0,88500,0,10600,5350,P,P,SP,P,,SP,,SP,SP,15500,P
2022,Haren,Dan,MIA,SP,CIN,1.00,5.90,3.81,1.15,0.09,0.53,1.10,4.16,2.52,2.32,0.28,0.040,0.633,0.40,0.13,0.00,0.00,0.00,0.000,17.70,+1.5 (-120) (o/u 6.5) (+145),90 I CF 2-9 20%  retractable,,7400,40,6600,12800,0,92300,0,13100,5800,P,P,SP,P,,SP,,SP,SP,16100,P
8528,Heaney,Andrew,LAA,SP,@ SEA,1.00,5.00,3.31,0.79,0.08,0.53,1.22,4.24,2.23,2.06,0.26,0.040,0.610,0.50,0.32,0.00,0.00,0.00,0.000,15.00,+1.5 (-230) (o/u 7.0) (-112),68 O CF 6-6 50%  retractable,,7000,46,7500,15400,0,80000,0,15100,5500,P,P,SP,P,,SP,,SP,SP,14900,P
415,Billingsley,Chad,PHI,SP,@ SF,1.00,6.00,4.83,1.37,0.35,0.32,2.01,4.34,2.52,2.32,0.33,0.040,0.641,0.40,0.22,0.00,0.00,0.00,0.000,18.00,+1.5 (EVEN) (o/u 7.5) (+195),65 O LF 7-10 0% outdoor,,5000,31,5200,8500,0,70000,0,10300,5000,P,P,SP,P,,SP,,SP,SP,14000,P
5147,Volquez,Edinson,KC,SP,TOR,1.00,6.10,3.66,1.07,0.10,0.45,2.18,4.05,2.92,2.69,0.23,0.040,0.575,0.39,0.26,0.00,0.00,0.00,0.000,18.30,-1.5 (+165) (o/u 8.5) (-126),88 O CF 10-10 10% outdoor,,8300,41,6800,13200,0,111300,0,13100,6100,P,P,SP,P,,SP,,SP,SP,16100,P
2873,Lohse,Kyle,MIL,SP,@ LAD,1.00,6.30,4.54,1.09,0.05,0.84,1.69,4.34,3.34,3.07,0.31,0.048,0.516,0.35,0.17,0.00,0.00,0.00,0.000,18.90,+1.5 (-160) (o/u 7.5) (+142),80 O RF 3-6 0% outdoor,,5400,36,5800,8500,0,70000,0,8800,5550,P,P,SP,P,,SP,,SP,SP,13800,P
6567,Eovaldi,Nathan,NYY,SP,@ BOS,1.00,5.80,5.39,1.41,0.15,0.30,1.45,3.72,2.39,2.20,0.32,0.040,0.648,0.50,0.32,0.00,0.00,0.00,0.000,17.40,+1.5 (-200) (o/u 9.0) (-110),91 O RF 6-9 10% outdoor,,6800,37,5900,10650,0,102400,0,10600,5550,P,P,SP,P,,SP,,SP,SP,13300,P
5559,Doubront,Felix,TOR,SP,@ KC,1.00,5.20,3.89,1.15,0.11,0.44,1.37,3.37,2.42,2.23,0.29,0.040,0.587,0.49,0.31,0.00,0.00,0.00,0.000,15.60,+1.5 (-195) (o/u 8.5) (+116),88 O CF 10-10 10% outdoor,,5700,39,4800,8500,0,73400,0,4500,4500,P,P,SP,P,,SP,,SP,RP,13300,P
9379,Cooney,Tim,STL,SP,@ PIT,1.00,5.00,3.65,1.17,0.11,0.41,1.65,3.45,2.36,2.17,0.32,0.040,0.583,0.42,0.24,0.00,0.00,0.00,0.000,15.00,+1.5 (-140) (o/u 7.0) (+158),75 I RF 3-4 40% outdoor,,6000,25,4600,8500,0,70000,0,6500,4500,P,P,SP,P,,SP,,SP,SP,0,P
7594,Bettis,Chad,COL,SP,ATL,1.00,5.60,4.78,1.31,0.15,0.64,1.82,3.76,2.93,2.70,0.35,0.040,0.524,0.41,0.26,0.00,0.00,0.00,0.000,16.80,-1.5 (+145) (o/u 10.5) (-124),90 O CF 5-5 0% outdoor,,5400,32,4200,8600,0,75000,0,8000,5000,P,P,SP,P,,SP,,SP,SP,13300,P
5550,Davis,Wade,KC,RP,TOR,1.00,0.54,0.19,0.06,0.01,0.02,0.17,0.72,0.13,0.12,0.14,0.000,0.000,0.03,0.02,0.00,0.00,0.11,0.000,1.62,-1.5 (+165) (o/u 8.5) (-126),88 O CF 10-10 10% outdoor,,6500,25,4000,8500,0,0,0,0,0,P,P,RP,P,,,,,RP,16100,P
7384,Boxberger,Bradley,TB,RP,HOU,1.00,0.44,0.16,0.05,0.01,0.07,0.16,0.79,0.15,0.14,0.17,0.000,0.000,0.02,0.02,0.20,0.02,0.00,0.000,1.32,+1.5 (-145) (o/u 7.0) (+121),dome ,,4300,25,4000,8500,0,0,0,0,0,P,P,RP,P,,,,,RP,15600,P
4211,Robertson,David,CHW,RP,@ CHC,1.00,0.40,0.19,0.05,0.01,0.04,0.12,0.75,0.08,0.07,0.21,0.000,0.000,0.02,0.01,0.19,0.02,0.00,0.000,1.20,+1.5 (-150) (o/u 6.0) (+158),72 I CF 6-6 20% outdoor,,4000,25,4000,8500,0,0,0,0,0,P,P,RP,P,,,,,RP,14700,P
5895,Chapman,Aroldis,CIN,RP,@ MIA,1.00,0.40,0.15,0.04,0.01,0.01,0.15,0.64,0.07,0.06,0.16,0.000,0.000,0.02,0.01,0.24,0.02,0.00,0.000,1.20,-1.5 (EVEN) (o/u 6.5) (-160),90 I CF 2-9 20%  retractable,,0,25,4000,8500,0,0,0,0,0,,P,RP,P,,,,,RP,16200,P
5944,Jansen,Kenley,LAD,RP,MIL,1.00,0.40,0.17,0.06,0.00,0.03,0.08,0.63,0.08,0.07,0.19,0.000,0.000,0.03,0.01,0.26,0.03,0.00,0.000,1.20,-1.5 (+140) (o/u 7.5) (-157),80 O RF 3-6 0% outdoor,,4000,25,4000,8500,0,0,0,0,0,P,P,RP,P,,,,,RP,16500,P
5642,McGee,Jake,TB,RP,HOU,1.00,0.40,0.17,0.05,0.00,0.02,0.06,0.61,0.07,0.06,0.17,0.000,0.000,0.02,0.01,0.00,0.00,0.12,0.000,1.20,+1.5 (-145) (o/u 7.0) (+121),dome ,,4400,25,4000,8500,0,0,0,0,0,P,P,RP,P,,,,,RP,15600,P
3613,O'Day,Darren,BAL,RP,WAS,1.00,0.45,0.13,0.05,0.00,0.06,0.12,0.61,0.16,0.15,0.14,0.000,0.000,0.02,0.02,0.00,0.00,0.09,0.000,1.35,+1.5 (-165) (o/u 7.0) (+105),81 I CF 2-4 10% outdoor,,4200,25,4000,8500,0,0,0,0,0,P,P,RP,P,,,,,RP,16600,P
9311,Giles,Ken,PHI,RP,@ SF,1.00,0.45,0.24,0.07,0.01,0.01,0.16,0.57,0.11,0.10,0.21,0.000,0.000,0.02,0.02,0.00,0.00,0.12,0.000,1.35,+1.5 (EVEN) (o/u 7.5) (+195),65 O LF 7-10 0% outdoor,,4000,25,4000,8500,0,0,0,0,0,P,P,RP,P,,,,,,14000,P
6458,Putnam,Zach,CHW,RP,@ CHC,1.00,0.45,0.27,0.06,0.01,0.04,0.19,0.62,0.16,0.15,0.25,0.000,0.000,0.02,0.02,0.00,0.00,0.11,0.000,1.35,+1.5 (-150) (o/u 6.0) (+158),72 I CF 6-6 20% outdoor,,4300,25,4000,8500,0,0,0,0,0,P,P,RP,P,,,,,RP,14700,P
6043,Kimbrel,Craig,SD,RP,@ TEX,1.00,0.40,0.19,0.04,0.01,0.02,0.16,0.57,0.11,0.10,0.17,0.000,0.000,0.02,0.01,0.24,0.02,0.00,0.000,1.20,+1.5 (-165) (o/u 9.0) (+126),92 I RF 9-9 0% outdoor,,4000,25,4000,8500,0,0,0,0,0,P,P,RP,P,,,,,RP,14100,P
6380,Betances,Dellin,NYY,RP,@ BOS,1.00,0.40,0.12,0.05,0.01,0.01,0.12,0.52,0.09,0.09,0.12,0.000,0.000,0.03,0.01,0.03,0.00,0.13,0.000,1.20,+1.5 (-200) (o/u 9.0) (-110),91 O RF 6-9 10% outdoor,,4500,25,4000,8500,0,0,0,0,0,P,P,RP,P,,,,,RP,13300,P
6475,Smith,Will,MIL,RP,@ LAD,1.00,0.45,0.21,0.09,0.01,0.03,0.22,0.59,0.16,0.15,0.22,0.000,0.000,0.02,0.02,0.00,0.00,0.08,0.000,1.35,+1.5 (-160) (o/u 7.5) (+142),80 O RF 3-6 0% outdoor,,4000,25,4000,8500,0,0,0,0,0,P,P,RP,P,,,,,RP,13800,P
8429,Smith,Carson,SEA,RP,LAA,1.00,0.45,0.25,0.05,0.00,0.02,0.15,0.53,0.14,0.13,0.19,0.000,0.000,0.02,0.02,0.10,0.01,0.06,0.000,1.35,-1.5 (+190) (o/u 7.0) (+102),68 O CF 6-6 50%  retractable,,4600,25,4000,8500,0,0,0,0,0,P,P,RP,P,,,,,RP,16200,P
5838,Strop,Pedro,CHC,RP,CHW,1.00,0.41,0.16,0.05,0.00,0.02,0.14,0.51,0.12,0.11,0.18,0.000,0.000,0.03,0.01,0.03,0.00,0.13,0.000,1.22,-1.5 (+130) (o/u 6.0) (-173),72 I CF 6-6 20% outdoor,,4000,25,4000,8500,0,0,0,0,0,P,P,RP,P,,,,,RP,17100,P
6145,Holland,Greg,KC,RP,TOR,1.00,0.40,0.16,0.05,0.01,0.02,0.16,0.53,0.12,0.11,0.15,0.000,0.000,0.02,0.01,0.19,0.02,0.00,0.000,1.20,-1.5 (+165) (o/u 8.5) (-126),88 O CF 10-10 10% outdoor,,4500,25,4000,8500,0,0,0,0,0,P,P,RP,P,,,,,RP,16100,P
6745,Tolleson,Shawn,TEX,RP,SD,1.00,0.44,0.21,0.07,0.00,0.06,0.11,0.54,0.17,0.16,0.21,0.000,0.000,0.02,0.02,0.20,0.02,-0.03,0.000,1.32,-1.5 (+145) (o/u 9.0) (-136),92 I RF 9-9 0% outdoor,,4700,25,4000,8500,0,0,0,0,0,P,P,RP,P,,,,,RP,16100,P
6394,Watson,Tony,PIT,RP,STL,1.00,0.45,0.25,0.06,0.01,0.03,0.08,0.48,0.13,0.12,0.23,0.000,0.000,0.03,0.02,0.00,0.00,0.14,0.000,1.35,-1.5 (+120) (o/u 7.0) (-173),75 I RF 3-4 40% outdoor,,4100,25,4000,8500,0,0,0,0,0,P,P,RP,P,,,,,RP,0,P
4654,Smith,Joe,LAA,RP,@ SEA,1.00,0.45,0.21,0.05,0.01,0.02,0.09,0.45,0.14,0.13,0.18,0.000,0.000,0.03,0.02,0.05,0.01,0.12,0.000,1.35,+1.5 (-230) (o/u 7.0) (-112),68 O CF 6-6 50%  retractable,,4400,25,4000,8500,0,0,0,0,0,P,P,RP,P,,,,,RP,14900,P
3289,Miller,Andrew,NYY,RP,@ BOS,1.00,0.36,0.12,0.05,0.01,0.02,0.12,0.50,0.09,0.08,0.13,0.000,0.000,0.02,0.01,0.25,0.03,0.00,0.000,1.08,+1.5 (-200) (o/u 9.0) (-110),91 O RF 6-9 10% outdoor,,4100,25,4000,8500,0,0,0,0,0,P,P,RP,P,,,,,RP,13300,P
7779,Capps,Carter,MIA,RP,CIN,1.00,0.48,0.36,0.10,0.01,0.03,0.15,0.52,0.16,0.15,0.30,0.000,0.000,0.02,0.02,0.00,0.00,0.09,0.000,1.44,+1.5 (-120) (o/u 6.5) (+145),90 I CF 2-9 20%  retractable,,4000,25,4000,8500,0,0,0,0,0,P,P,RP,P,,,,,RP,16100,P
7715,Ramos,AJ,MIA,RP,CIN,1.00,0.45,0.15,0.07,0.01,0.01,0.21,0.48,0.15,0.14,0.15,0.000,0.000,0.02,0.02,0.20,0.02,-0.03,0.000,1.35,+1.5 (-120) (o/u 6.5) (+145),90 I CF 2-9 20%  retractable,,4000,25,4000,8500,0,0,0,0,0,P,P,RP,P,,,,,RP,16100,P
6224,Britton,Zach,BAL,RP,WAS,1.00,0.44,0.21,0.05,0.00,0.03,0.13,0.48,0.14,0.13,0.17,0.000,0.000,0.02,0.02,0.16,0.02,0.00,0.000,1.32,+1.5 (-165) (o/u 7.0) (+105),81 I CF 2-4 10% outdoor,,4100,25,4000,8500,0,0,0,0,0,P,P,RP,P,,,,,RP,16600,P
5729,Uehara,Koji,BOS,RP,NYY,1.00,0.40,0.15,0.07,0.01,0.05,0.06,0.48,0.14,0.13,0.18,0.000,0.000,0.02,0.01,0.19,0.02,0.00,0.000,1.20,-1.5 (+170) (o/u 9.0) (EVEN),91 O RF 6-9 10% outdoor,,0,25,4000,8500,0,0,0,0,0,,P,RP,P,,,,,RP,15500,P
3856,Perkins,Glen,MIN,RP,DET,1.00,0.40,0.23,0.06,0.01,0.03,0.06,0.47,0.12,0.11,0.21,0.000,0.000,0.02,0.01,0.20,0.02,0.00,0.000,1.20,-1.5 (+145) (o/u 9.0) (-130),83 I RF 8-8 30% outdoor,,0,25,4000,8500,0,0,0,0,0,,P,RP,P,,,,,RP,15600,P
5844,Hudson,Daniel,ARI,RP,@ NYM,1.00,0.53,0.25,0.13,0.01,0.05,0.13,0.45,0.22,0.21,0.25,0.000,0.000,0.03,0.02,0.01,0.00,0.03,0.000,1.58,+1.5 (-235) (o/u 7.5) (-117),89 I CF 3-6 0% outdoor,,4000,25,5700,8500,0,0,0,4500,5000,P,P,RP,P,,RP,,SP,RP,14600,P
3843,Perez,Oliver,ARI,RP,@ NYM,1.00,0.36,0.17,0.08,0.00,0.04,0.16,0.53,0.13,0.12,0.25,0.000,0.000,0.02,0.01,0.00,0.00,0.09,0.000,1.08,+1.5 (-235) (o/u 7.5) (-117),89 I CF 3-6 0% outdoor,,4000,25,4000,8500,0,0,0,0,0,P,P,RP,P,,,,,RP,14600,P
4703,Soria,Joakim,DET,RP,@ MIN,1.00,0.41,0.23,0.06,0.01,0.04,0.10,0.48,0.15,0.13,0.22,0.000,0.000,0.02,0.01,0.24,0.02,0.00,0.000,1.22,+1.5 (-165) (o/u 9.0) (+120),83 I RF 8-8 30% outdoor,,0,25,4000,8500,0,0,0,0,0,,P,RP,P,,,,,RP,12900,P
6214,Delgado,Randall,ARI,RP,@ NYM,1.00,0.42,0.19,0.08,0.00,0.04,0.17,0.49,0.17,0.16,0.23,0.000,0.000,0.02,0.02,0.00,0.00,0.00,0.000,1.26,+1.5 (-235) (o/u 7.5) (-117),89 I CF 3-6 0% outdoor,,4000,25,4000,8500,0,0,0,0,0,P,P,RP,P,,,,,RP,14600,P
7732,Familia,Jeurys,NYM,RP,ARI,1.00,0.40,0.18,0.05,0.01,0.02,0.13,0.45,0.13,0.12,0.19,0.000,0.000,0.02,0.01,0.23,0.02,0.00,0.000,1.20,-1.5 (+195) (o/u 7.5) (+107),89 I CF 3-6 0% outdoor,,4000,25,4000,8500,0,0,0,0,0,P,P,RP,P,,,,,RP,16400,P
6609,Carpenter,David,WAS,RP,@ BAL,1.00,0.45,0.30,0.06,0.00,0.07,0.10,0.49,0.21,0.19,0.26,0.000,0.000,0.03,0.02,0.00,0.00,0.17,0.000,1.35,-1.5 (+145) (o/u 7.0) (-115),81 I CF 2-4 10% outdoor,,4000,25,4000,8500,0,0,0,0,0,P,P,RP,P,,,,,RP,14100,P
7719,Rosenthal,Trevor,STL,RP,@ PIT,1.00,0.40,0.23,0.06,0.01,0.01,0.18,0.48,0.12,0.11,0.23,0.000,0.000,0.02,0.01,0.21,0.02,0.00,0.000,1.20,+1.5 (-140) (o/u 7.0) (+158),75 I RF 3-4 40% outdoor,,4000,25,4000,8500,0,0,0,0,0,P,P,RP,P,,,,,RP,0,P
3874,Petit,Yusmeiro,SF,RP,PHI,1.00,0.48,0.29,0.09,0.01,0.05,0.10,0.45,0.19,0.17,0.27,0.000,0.000,0.03,0.02,0.00,0.00,0.00,0.000,1.44,-1.5 (-120) (o/u 7.5) (-225),65 O LF 7-10 0% outdoor,,5100,25,7600,8500,0,0,0,4600,5000,P,P,RP,P,,RP,,SP,RP,15800,P
5697,Rondon,Hector,CHC,RP,CHW,1.00,0.40,0.23,0.04,0.00,0.01,0.08,0.40,0.11,0.10,0.22,0.000,0.000,0.03,0.01,0.05,0.01,0.12,0.000,1.20,-1.5 (+130) (o/u 6.0) (-173),72 I CF 6-6 20% outdoor,,4000,25,4000,8500,0,0,0,0,0,P,P,RP,P,,,,,RP,17100,P
6108,Mejia,Jenrry,NYM,RP,ARI,1.00,0.45,0.29,0.05,0.01,0.04,0.18,0.49,0.19,0.18,0.26,0.000,0.000,0.03,0.02,0.00,0.00,0.00,0.000,1.35,-1.5 (+195) (o/u 7.5) (+107),89 I CF 3-6 0% outdoor,,5500,25,4000,8500,0,0,0,0,0,P,P,RP,P,,,,,RP,16400,P
5698,Salas,Fernando,LAA,RP,@ SEA,1.00,0.40,0.20,0.07,0.01,0.05,0.08,0.45,0.15,0.14,0.23,0.000,0.000,0.03,0.01,0.00,0.00,0.11,0.000,1.20,+1.5 (-230) (o/u 7.0) (-112),68 O CF 6-6 50%  retractable,,4000,25,4000,8500,0,0,0,0,0,P,P,RP,P,,,,,RP,14900,P
6960,Geltz,Steve,TB,SP,HOU,1.00,0.36,0.10,0.08,0.01,0.03,0.12,0.46,0.12,0.11,0.16,0.000,0.000,0.02,0.01,0.00,0.00,0.09,0.000,1.08,+1.5 (-145) (o/u 7.0) (+121),dome ,,4300,25,4500,8500,0,0,0,4500,4500,P,P,SP,P,,,,SP,RP,15600,P
4291,Romo,Sergio,SF,RP,PHI,1.00,0.41,0.24,0.07,0.01,0.03,0.08,0.43,0.13,0.12,0.25,0.000,0.000,0.03,0.01,0.00,0.00,0.14,0.000,1.22,-1.5 (-120) (o/u 7.5) (-225),65 O LF 7-10 0% outdoor,,4000,25,4000,8500,0,0,0,0,0,P,P,RP,P,,,,,RP,15800,P
5769,Kelley,Shawn,SD,RP,@ TEX,1.00,0.41,0.28,0.06,0.01,0.04,0.13,0.47,0.15,0.14,0.26,0.000,0.000,0.02,0.01,0.00,0.00,0.04,0.000,1.22,+1.5 (-165) (o/u 9.0) (+126),92 I RF 9-9 0% outdoor,,4100,25,4000,8500,0,0,0,0,0,P,P,RP,P,,,,,RP,14100,P
7692,Allen,Cody,CLE,RP,OAK,1.00,0.36,0.15,0.07,0.00,0.02,0.15,0.46,0.12,0.11,0.17,0.000,0.000,0.02,0.01,0.24,0.02,0.00,0.000,1.08,-1.5 (+165) (o/u 6.5) (-133),74 O LF 5-10 60% outdoor,,5000,25,4000,8500,0,0,0,0,0,P,P,RP,P,,,,,RP,16900,P
6530,Brach,Brad,BAL,RP,WAS,1.00,0.42,0.17,0.07,0.00,0.05,0.18,0.49,0.19,0.17,0.19,0.000,0.000,0.02,0.02,0.00,0.00,0.05,0.000,1.26,+1.5 (-165) (o/u 7.0) (+105),81 I CF 2-4 10% outdoor,,4100,25,4000,8500,0,0,0,0,0,P,P,RP,P,,,,,RP,16600,P
6575,Caminero,Arquimedes,PIT,RP,STL,1.00,0.40,0.15,0.10,0.01,0.03,0.15,0.44,0.15,0.13,0.22,0.000,0.000,0.02,0.01,0.00,0.00,0.10,0.000,1.20,-1.5 (+120) (o/u 7.0) (-173),75 I RF 3-4 40% outdoor,,4000,25,4000,8500,0,0,0,0,0,P,P,RP,P,,,,,RP,0,P
6459,McAllister,Zach,CLE,RP,OAK,1.00,0.57,0.36,0.13,0.01,0.05,0.21,0.44,0.27,0.25,0.26,0.000,0.000,0.03,0.02,0.00,0.00,0.00,0.000,1.71,-1.5 (+165) (o/u 6.5) (-133),74 O LF 5-10 60% outdoor,,4900,25,4000,8500,0,0,0,4500,5000,P,P,RP,P,,RP,,SP,RP,16900,P
8360,May,Trevor,MIN,SP,DET,1.00,0.48,0.41,0.12,0.02,0.04,0.13,0.47,0.19,0.18,0.32,0.000,0.000,0.03,0.02,0.00,0.00,0.00,0.000,1.44,-1.5 (+145) (o/u 9.0) (-130),83 I RF 8-8 30% outdoor,,6000,25,5800,9450,0,0,0,10200,5350,P,P,SP,P,,RP,,SP,SP,15600,P
5774,Melancon,Mark,PIT,RP,STL,1.00,0.40,0.24,0.05,0.00,0.01,0.07,0.38,0.11,0.10,0.23,0.000,0.000,0.02,0.01,0.23,0.02,0.00,0.000,1.20,-1.5 (+120) (o/u 7.0) (-173),75 I RF 3-4 40% outdoor,,4000,25,4000,8500,0,0,0,0,0,P,P,RP,P,,,,,RP,0,P
6503,Farquhar,Danny,SEA,RP,LAA,1.00,0.44,0.26,0.08,0.00,0.05,0.17,0.47,0.20,0.18,0.24,0.000,0.000,0.02,0.02,0.00,0.00,0.11,0.000,1.32,-1.5 (+190) (o/u 7.0) (+102),68 O CF 6-6 50%  retractable,,5300,25,4000,8500,0,0,0,0,0,P,P,RP,P,,,,,RP,16200,P
5817,Torres,Carlos,NYM,RP,ARI,1.00,0.46,0.29,0.07,0.01,0.05,0.14,0.44,0.20,0.19,0.27,0.000,0.000,0.03,0.02,0.00,0.00,0.10,0.000,1.37,-1.5 (+195) (o/u 7.5) (+107),89 I CF 3-6 0% outdoor,,4000,25,4000,8500,0,0,0,0,0,P,P,RP,P,,,,,RP,16400,P
6189,Cishek,Steve,MIA,RP,CIN,1.00,0.40,0.30,0.08,0.02,0.01,0.15,0.44,0.13,0.12,0.30,0.000,0.000,0.02,0.01,0.00,0.00,0.03,0.000,1.20,+1.5 (-120) (o/u 6.5) (+145),90 I CF 2-9 20%  retractable,,0,25,4000,8500,0,0,0,0,0,,P,RP,P,,,,,RP,16100,P
6669,Ramirez,Neil,CHC,RP,CHW,1.00,0.36,0.22,0.05,0.01,0.02,0.12,0.42,0.11,0.10,0.25,0.000,0.000,0.02,0.01,0.00,0.00,0.11,0.000,1.08,-1.5 (+130) (o/u 6.0) (-173),72 I CF 6-6 20% outdoor,,4200,25,4000,8500,0,0,0,0,0,P,P,RP,P,,,,,RP,17100,P
366,Benoit,Joaquin,SD,RP,@ TEX,1.00,0.40,0.13,0.05,0.01,0.03,0.14,0.40,0.17,0.15,0.15,0.000,0.000,0.02,0.01,0.00,0.00,0.14,0.000,1.20,+1.5 (-165) (o/u 9.0) (+126),92 I RF 9-9 0% outdoor,,4000,25,4000,8500,0,0,0,0,0,P,P,RP,P,,,,,RP,14100,P
3728,Papelbon,Jonathan,PHI,RP,@ SF,1.00,0.40,0.25,0.05,0.01,0.01,0.08,0.37,0.12,0.11,0.23,0.000,0.000,0.02,0.01,0.20,0.02,0.00,0.000,1.20,+1.5 (EVEN) (o/u 7.5) (+195),65 O LF 7-10 0% outdoor,,0,25,4000,8500,0,0,0,0,0,,P,RP,P,,,,,RP,14000,P
7624,Hoover,J.J.,CIN,RP,@ MIA,1.00,0.44,0.20,0.04,0.04,0.01,0.16,0.37,0.16,0.15,0.21,0.000,0.000,0.03,0.02,0.00,0.00,0.14,0.000,1.32,-1.5 (EVEN) (o/u 6.5) (-160),90 I CF 2-9 20%  retractable,,4000,25,4000,8500,0,0,0,0,0,P,P,RP,P,,,,,RP,16200,P
5912,Alburquerque,Al,DET,RP,@ MIN,1.00,0.36,0.20,0.04,0.01,0.04,0.15,0.45,0.15,0.14,0.21,0.000,0.000,0.02,0.01,0.00,0.00,0.14,0.000,1.08,+1.5 (-165) (o/u 9.0) (+120),83 I RF 8-8 30% outdoor,,4400,25,4000,8500,0,0,0,0,0,P,P,RP,P,,,,,RP,12900,P
7701,Treinen,Blake,WAS,SP,@ BAL,1.00,0.46,0.33,0.09,0.00,0.04,0.13,0.42,0.20,0.18,0.29,0.000,0.000,0.03,0.02,0.00,0.00,0.03,0.000,1.37,-1.5 (+145) (o/u 7.0) (-115),81 I CF 2-4 10% outdoor,,4000,25,5000,8500,0,0,0,0,4500,P,P,SP,P,,,,,RP,14100,P
5721,Tazawa,Junichi,BOS,RP,NYY,1.00,0.41,0.22,0.08,0.01,0.03,0.10,0.41,0.15,0.14,0.22,0.000,0.000,0.02,0.01,0.00,0.00,0.11,0.000,1.22,-1.5 (+170) (o/u 9.0) (EVEN),91 O RF 6-9 10% outdoor,,4300,25,4000,8500,0,0,0,0,0,P,P,RP,P,,,,,RP,15500,P
8054,Nuno,Vidal,SEA,RP,LAA,1.00,0.53,0.25,0.11,0.00,0.08,0.14,0.43,0.28,0.26,0.23,0.000,0.000,0.03,0.02,0.00,0.00,0.00,0.000,1.58,-1.5 (+190) (o/u 7.0) (+102),68 O CF 6-6 50%  retractable,,5600,25,5800,8500,0,0,0,0,4750,P,P,RP,P,,RP,,SP,RP,16200,P
6096,Storen,Drew,WAS,RP,@ BAL,1.00,0.36,0.21,0.04,0.00,0.02,0.07,0.37,0.11,0.10,0.21,0.000,0.000,0.03,0.01,0.28,0.03,0.00,0.000,1.08,-1.5 (+145) (o/u 7.0) (-115),81 I CF 2-4 10% outdoor,,0,25,4000,8500,0,0,0,0,0,,P,RP,P,,,,,RP,14100,P
4240,Rodriguez,Francisco,MIL,RP,@ LAD,1.00,0.40,0.17,0.05,0.01,0.06,0.13,0.43,0.19,0.17,0.21,0.000,0.000,0.02,0.01,0.18,0.02,0.00,0.000,1.20,+1.5 (-160) (o/u 7.5) (+142),80 O RF 3-6 0% outdoor,,0,25,4000,8500,0,0,0,0,0,,P,RP,P,,,,,RP,13800,P
5915,Roe,Chaz,BAL,RP,WAS,1.00,0.39,0.20,0.08,0.00,0.05,0.16,0.46,0.17,0.16,0.23,0.000,0.000,0.02,0.01,0.00,0.00,0.02,0.000,1.17,+1.5 (-165) (o/u 7.0) (+105),81 I CF 2-4 10% outdoor,,4400,25,4000,8500,0,0,0,0,0,P,P,RP,P,,,,,RP,16600,P
6334,Baez,Pedro,LAD,RP,MIL,1.00,0.40,0.22,0.08,0.01,0.04,0.09,0.39,0.15,0.14,0.26,0.000,0.000,0.03,0.01,0.00,0.00,0.04,0.000,1.20,-1.5 (+140) (o/u 7.5) (-157),80 O RF 3-6 0% outdoor,,4000,25,4000,8500,0,0,0,0,0,P,P,RP,P,,,,,RP,16500,P
7368,Fields,Josh,HOU,RP,@ TB,1.00,0.35,0.14,0.06,0.02,0.02,0.15,0.42,0.13,0.12,0.19,0.000,0.000,0.02,0.01,0.00,0.00,0.10,0.000,1.05,-1.5 (+125) (o/u 7.0) (-131),dome ,,4000,25,4000,8500,0,0,0,0,0,P,P,RP,P,,,,,RP,15600,P
3742,Parnell,Bobby,NYM,RP,ARI,1.00,0.40,0.23,0.07,0.00,0.02,0.12,0.37,0.13,0.12,0.24,0.000,0.000,0.02,0.01,0.00,0.00,0.07,0.000,1.20,-1.5 (+195) (o/u 7.5) (+107),89 I CF 3-6 0% outdoor,,4000,25,4000,8500,0,0,0,0,0,P,P,RP,P,,,,,RP,16400,P
9418,Gott,Trevor,LAA,RP,@ SEA,1.00,0.40,0.20,0.08,0.01,0.04,0.14,0.40,0.17,0.15,0.22,0.000,0.000,0.03,0.01,0.00,0.00,0.07,0.000,1.20,+1.5 (-230) (o/u 7.0) (-112),68 O CF 6-6 50%  retractable,,3000,25,4000,8500,0,0,0,0,0,P,P,RP,P,,,,,,14900,P
7711,Petricka,Jake,CHW,RP,@ CHC,1.00,0.44,0.30,0.09,0.00,0.02,0.19,0.41,0.17,0.16,0.28,0.000,0.000,0.02,0.02,0.00,0.00,0.11,0.000,1.32,+1.5 (-150) (o/u 6.0) (+158),72 I CF 6-6 20% outdoor,,4000,25,4000,8500,0,0,0,0,0,P,P,RP,P,,,,,RP,14700,P
5487,Ziegler,Brad,ARI,RP,@ NYM,1.00,0.45,0.16,0.08,0.00,0.03,0.15,0.36,0.19,0.18,0.19,0.000,0.000,0.02,0.02,0.19,0.02,0.01,0.000,1.35,+1.5 (-235) (o/u 7.5) (-117),89 I CF 3-6 0% outdoor,,4000,25,4000,8500,0,0,0,0,0,P,P,RP,P,,,,,RP,14600,P
7169,Blazek,Michael,MIL,RP,@ LAD,1.00,0.48,0.21,0.10,0.01,0.04,0.23,0.41,0.23,0.21,0.23,0.000,0.000,0.02,0.02,0.00,0.00,0.02,0.000,1.44,+1.5 (-160) (o/u 7.5) (+142),80 O RF 3-6 0% outdoor,,4000,25,4000,8500,0,0,0,0,0,P,P,RP,P,,,,,RP,13800,P
2373,Jackson,Edwin,CHC,SP,CHW,1.00,0.45,0.31,0.12,0.02,0.03,0.15,0.40,0.19,0.17,0.32,0.000,0.000,0.03,0.02,0.00,0.00,0.00,0.000,1.35,-1.5 (+130) (o/u 6.0) (-173),72 I CF 6-6 20% outdoor,,4000,25,5400,8500,0,0,0,0,4750,P,P,SP,P,,RP,,SP,RP,17100,P
8504,Strickland,Hunter,SF,RP,PHI,1.00,0.32,0.16,0.05,0.01,0.01,0.06,0.36,0.08,0.07,0.22,0.000,0.000,0.02,0.01,0.00,0.00,0.11,0.000,0.96,-1.5 (-120) (o/u 7.5) (-225),65 O LF 7-10 0% outdoor,,4000,25,4000,8500,0,0,0,0,0,P,P,RP,P,,,,,RP,15800,P
5682,Ramos,Cesar,LAA,RP,@ SEA,1.00,0.45,0.28,0.06,0.00,0.05,0.14,0.39,0.21,0.19,0.24,0.000,0.000,0.03,0.02,0.00,0.00,0.00,0.000,1.35,+1.5 (-230) (o/u 7.0) (-112),68 O CF 6-6 50%  retractable,,4000,25,4000,8500,0,0,0,0,0,P,P,RP,P,,,,,RP,14900,P
10025,Osuna,Roberto,TOR,RP,@ KC,1.00,0.40,0.22,0.09,0.01,0.01,0.08,0.34,0.13,0.12,0.22,0.000,0.000,0.03,0.01,0.17,0.02,0.04,0.000,1.20,+1.5 (-195) (o/u 8.5) (+116),88 O CF 10-10 10% outdoor,,3000,25,4000,8500,0,0,0,0,0,P,P,RP,P,,,,,,13300,P
7390,Reed,Addison,ARI,RP,@ NYM,1.00,0.40,0.20,0.09,0.01,0.06,0.16,0.44,0.20,0.18,0.27,0.000,0.000,0.02,0.01,0.00,0.00,0.13,0.000,1.20,+1.5 (-235) (o/u 7.5) (-117),89 I CF 3-6 0% outdoor,,4000,0,0,8500,0,0,0,0,0,P,,RP,P,,,,,RP,14600,P
7545,Delabar,Steve,TOR,RP,@ KC,1.00,0.40,0.23,0.08,0.01,0.02,0.14,0.38,0.15,0.14,0.22,0.000,0.000,0.03,0.01,0.07,0.01,0.07,0.000,1.20,+1.5 (-195) (o/u 8.5) (+116),88 O CF 10-10 10% outdoor,,4400,25,4000,8500,0,0,0,0,0,P,P,RP,P,,,,,RP,13300,P
1697,Casilla,Santiago,SF,RP,PHI,1.00,0.40,0.23,0.05,0.01,0.02,0.12,0.35,0.14,0.13,0.22,0.000,0.000,0.02,0.01,0.24,0.02,0.00,0.000,1.20,-1.5 (-120) (o/u 7.5) (-225),65 O LF 7-10 0% outdoor,,4000,25,4000,8500,0,0,0,0,0,P,P,RP,P,,,,,RP,15800,P
8665,Chafin,Andrew,ARI,RP,@ NYM,1.00,0.48,0.29,0.12,0.01,0.05,0.22,0.43,0.24,0.22,0.30,0.000,0.000,0.03,0.02,0.00,0.00,0.03,0.000,1.44,+1.5 (-235) (o/u 7.5) (-117),89 I CF 3-6 0% outdoor,,4000,25,4000,8500,0,0,0,0,0,P,P,RP,P,,RP,,SP,SP,14600,P
2209,Hochevar,Luke,KC,RP,TOR,1.00,0.40,0.23,0.06,0.01,0.05,0.12,0.41,0.18,0.17,0.23,0.000,0.000,0.02,0.01,0.00,0.00,0.09,0.000,1.20,-1.5 (+165) (o/u 8.5) (-126),88 O CF 10-10 10% outdoor,,4200,25,4000,8500,0,0,0,0,0,P,P,RP,P,,,,,RP,16100,P
7207,Shaw,Bryan,CLE,RP,OAK,1.00,0.45,0.24,0.06,0.01,0.03,0.15,0.36,0.20,0.18,0.20,0.000,0.000,0.03,0.02,0.00,0.00,0.14,0.000,1.35,-1.5 (+165) (o/u 6.5) (-133),74 O LF 5-10 60% outdoor,,4500,25,4000,8500,0,0,0,0,0,P,P,RP,P,,,,,RP,16900,P
8510,Rivero,Felipe,WAS,RP,@ BAL,1.00,0.36,0.19,0.08,0.00,0.04,0.06,0.37,0.14,0.13,0.24,0.000,0.000,0.03,0.01,0.00,0.00,0.00,0.000,1.08,-1.5 (+145) (o/u 7.0) (-115),81 I CF 2-4 10% outdoor,,3000,25,4000,8500,0,0,0,0,4500,P,P,RP,P,,,,,RP,14100,P
7548,Herrera,Kelvin,KC,RP,TOR,1.00,0.40,0.22,0.06,0.00,0.01,0.14,0.36,0.14,0.13,0.20,0.000,0.000,0.02,0.01,0.00,0.00,0.11,0.000,1.20,-1.5 (+165) (o/u 8.5) (-126),88 O CF 10-10 10% outdoor,,4100,25,4000,8500,0,0,0,0,0,P,P,RP,P,,,,,RP,16100,P
7635,Diekman,Jake,PHI,RP,@ SF,1.00,0.36,0.30,0.07,0.01,0.01,0.21,0.44,0.13,0.12,0.32,0.000,0.000,0.02,0.01,0.00,0.00,0.09,0.000,1.08,+1.5 (EVEN) (o/u 7.5) (+195),65 O LF 7-10 0% outdoor,,4000,25,4000,8500,0,0,0,0,0,P,P,RP,P,,,,,RP,14000,P
5130,Villanueva,Carlos,STL,RP,@ PIT,1.00,0.42,0.24,0.13,0.01,0.03,0.13,0.37,0.16,0.15,0.29,0.000,0.000,0.02,0.02,0.00,0.00,0.03,0.000,1.26,+1.5 (-140) (o/u 7.0) (+158),75 I RF 3-4 40% outdoor,,4000,25,4000,8500,0,0,0,0,4500,P,P,RP,P,,,,,RP,0,P
9006,Barrett,Aaron,WAS,RP,@ BAL,1.00,0.32,0.18,0.06,0.00,0.03,0.11,0.39,0.11,0.10,0.23,0.000,0.000,0.02,0.01,0.00,0.00,0.13,0.000,0.96,-1.5 (+145) (o/u 7.0) (-115),81 I CF 2-4 10% outdoor,,4000,25,4000,8500,0,0,0,0,0,P,P,RP,P,,,,,RP,14100,P
7720,Siegrist,Kevin,STL,RP,@ PIT,1.00,0.32,0.15,0.06,0.01,0.02,0.12,0.39,0.10,0.10,0.23,0.000,0.000,0.02,0.01,0.02,0.00,0.08,0.000,0.96,+1.5 (-140) (o/u 7.0) (+158),75 I RF 3-4 40% outdoor,,4000,25,4000,8500,0,0,0,0,0,P,P,RP,P,,,,,RP,0,P
7987,Quackenbush,Kevin,SD,RP,@ TEX,1.00,0.40,0.28,0.08,0.01,0.01,0.14,0.37,0.14,0.13,0.26,0.000,0.000,0.02,0.01,0.00,0.00,0.07,0.000,1.20,+1.5 (-165) (o/u 9.0) (+126),92 I RF 9-9 0% outdoor,,4000,25,4000,8500,0,0,0,0,0,P,P,RP,P,,,,,RP,14100,P
5820,Fien,Casey,MIN,RP,DET,1.00,0.41,0.30,0.06,0.02,0.05,0.05,0.38,0.17,0.16,0.28,0.000,0.000,0.02,0.01,0.00,0.00,0.12,0.000,1.22,-1.5 (+145) (o/u 9.0) (-130),83 I RF 8-8 30% outdoor,,4400,25,4000,8500,0,0,0,0,0,P,P,RP,P,,,,,RP,15600,P
8540,Roark,Tanner,WAS,RP,@ BAL,1.00,0.45,0.30,0.06,0.00,0.06,0.06,0.34,0.21,0.19,0.26,0.000,0.000,0.03,0.02,0.00,0.00,0.08,0.000,1.35,-1.5 (+145) (o/u 7.0) (-115),81 I CF 2-4 10% outdoor,,6000,25,6500,8500,0,0,0,4800,5350,P,P,RP,P,,RP,,SP,SP,14100,P
5761,Gregerson,Luke,HOU,RP,@ TB,1.00,0.40,0.18,0.07,0.01,0.03,0.08,0.33,0.15,0.14,0.20,0.000,0.000,0.02,0.01,0.21,0.02,0.01,0.000,1.20,-1.5 (+125) (o/u 7.0) (-131),dome ,,4400,25,4000,8500,0,0,0,0,0,P,P,RP,P,,,,,RP,15600,P
2414,Jepsen,Kevin,TB,RP,HOU,1.00,0.32,0.18,0.04,0.00,0.03,0.11,0.39,0.12,0.11,0.21,0.000,0.000,0.02,0.01,0.00,0.00,0.06,0.000,0.96,+1.5 (-145) (o/u 7.0) (+121),dome ,,4000,25,4000,8500,0,0,0,0,0,P,P,RP,P,,,,,RP,15600,P
2325,Hunter,Tommy,BAL,RP,WAS,1.00,0.40,0.25,0.06,0.00,0.04,0.08,0.36,0.16,0.15,0.24,0.000,0.000,0.02,0.01,0.00,0.00,0.07,0.000,1.20,+1.5 (-165) (o/u 7.0) (+105),81 I CF 2-4 10% outdoor,,5000,25,4000,8500,0,0,0,0,0,P,P,RP,P,,,,,RP,16600,P
3529,Neshek,Pat,HOU,RP,@ TB,1.00,0.36,0.14,0.04,0.01,0.03,0.06,0.33,0.14,0.12,0.17,0.000,0.000,0.02,0.01,0.02,0.00,0.13,0.000,1.08,-1.5 (+125) (o/u 7.0) (-131),dome ,,4100,25,4000,8500,0,0,0,0,0,P,P,RP,P,,,,,RP,15600,P
8793,Burgos,Enrique,ARI,RP,@ NYM,1.00,0.35,0.16,0.09,0.00,0.02,0.20,0.41,0.15,0.14,0.24,0.000,0.000,0.02,0.01,0.02,0.00,0.02,0.000,1.05,+1.5 (-235) (o/u 7.5) (-117),89 I CF 3-6 0% outdoor,,3000,25,4000,8500,0,0,0,0,0,P,P,RP,P,,,,,,14600,P
1353,Duke,Zach,CHW,RP,@ CHC,1.00,0.32,0.21,0.04,0.01,0.03,0.13,0.41,0.12,0.11,0.28,0.000,0.000,0.02,0.01,0.00,0.00,0.08,0.000,0.95,+1.5 (-150) (o/u 6.0) (+158),72 I CF 6-6 20% outdoor,,4000,25,4000,8500,0,0,0,0,4500,P,P,RP,P,,,,,RP,14700,P
7456,Machi,Jean,SF,RP,PHI,1.00,0.40,0.20,0.07,0.02,0.02,0.11,0.32,0.15,0.14,0.23,0.000,0.000,0.02,0.01,0.00,0.00,0.07,0.000,1.20,-1.5 (-120) (o/u 7.5) (-225),65 O LF 7-10 0% outdoor,,4000,25,4000,8500,0,0,0,0,0,P,P,RP,P,,,,,RP,15800,P
6381,Warren,Adam,NYY,SP,@ BOS,1.00,0.48,0.32,0.11,0.01,0.03,0.16,0.34,0.21,0.19,0.25,0.000,0.000,0.03,0.02,0.00,0.00,0.11,0.000,1.44,+1.5 (-200) (o/u 9.0) (-110),91 O RF 6-9 10% outdoor,,6400,25,4500,8750,0,0,0,7900,5350,P,P,SP,P,,RP,,SP,RP,13300,P
951,Clippard,Tyler,OAK,RP,@ CLE,1.00,0.36,0.17,0.04,0.00,0.02,0.16,0.37,0.14,0.13,0.18,0.000,0.000,0.02,0.01,0.20,0.02,0.00,0.000,1.08,+1.5 (-195) (o/u 6.5) (+123),74 O LF 5-10 60% outdoor,,4500,25,4000,8500,0,0,0,0,0,P,P,RP,P,,,,,RP,15300,P
6040,Scheppers,Tanner,TEX,RP,SD,1.00,0.45,0.25,0.05,0.00,0.07,0.18,0.40,0.25,0.23,0.23,0.000,0.000,0.02,0.02,0.00,0.00,0.12,0.000,1.35,-1.5 (+145) (o/u 9.0) (-136),92 I RF 9-9 0% outdoor,,4300,25,4000,8500,0,0,0,0,0,P,P,RP,P,,RP,,,RP,16100,P
9672,Kela,Keone,TEX,RP,SD,1.00,0.36,0.23,0.06,0.01,0.03,0.11,0.37,0.14,0.13,0.24,0.000,0.000,0.02,0.01,0.00,0.00,0.06,0.000,1.08,-1.5 (+145) (o/u 9.0) (-136),92 I RF 9-9 0% outdoor,,3000,25,4000,8500,0,0,0,0,0,P,P,RP,P,,,,,,16100,P
8427,Maurer,Brandon,SD,RP,@ TEX,1.00,0.44,0.29,0.07,0.01,0.03,0.12,0.33,0.18,0.17,0.24,0.000,0.000,0.03,0.02,0.00,0.00,0.11,0.000,1.32,+1.5 (-165) (o/u 9.0) (+126),92 I RF 9-9 0% outdoor,,4000,25,4000,8500,0,0,0,0,5000,P,P,RP,P,,,,,RP,14100,P
7839,Loup,Aaron,TOR,RP,@ KC,1.00,0.45,0.30,0.08,0.02,0.02,0.09,0.30,0.17,0.16,0.25,0.000,0.000,0.03,0.02,0.00,0.00,0.14,0.000,1.35,+1.5 (-195) (o/u 8.5) (+116),88 O CF 10-10 10% outdoor,,4400,25,4000,8500,0,0,0,0,0,P,P,RP,P,,,,,RP,13300,P
4233,Rodney,Fernando,SEA,RP,LAA,1.00,0.40,0.27,0.07,0.00,0.04,0.19,0.41,0.19,0.17,0.25,0.000,0.000,0.02,0.01,0.10,0.01,0.06,0.000,1.20,-1.5 (+190) (o/u 7.0) (+102),68 O CF 6-6 50%  retractable,,0,25,4000,8500,0,0,0,0,0,,P,RP,P,,,,,RP,16200,P
5825,Feliz,Neftali,DET,RP,@ MIN,1.00,0.40,0.23,0.05,0.01,0.04,0.17,0.37,0.19,0.17,0.21,0.000,0.000,0.02,0.01,0.00,0.00,0.14,0.000,1.20,+1.5 (-165) (o/u 9.0) (+120),83 I RF 8-8 30% outdoor,,0,0,0,8500,0,0,0,0,0,,,RP,P,,,,,RP,12900,P
5799,Bastardo,Antonio,PIT,RP,STL,1.00,0.32,0.16,0.06,0.01,0.02,0.14,0.37,0.11,0.10,0.24,0.000,0.000,0.02,0.01,0.00,0.00,0.10,0.000,0.95,-1.5 (+120) (o/u 7.0) (-173),75 I RF 3-4 40% outdoor,,4000,25,4000,8500,0,0,0,0,0,P,P,RP,P,,,,,RP,0,P
5610,Johnson,Jim,ATL,RP,@ COL,1.00,0.45,0.40,0.05,0.01,0.03,0.12,0.34,0.19,0.17,0.33,0.000,0.000,0.03,0.02,0.24,0.02,0.00,0.000,1.35,+1.5 (-165) (o/u 10.5) (+114),90 O CF 5-5 0% outdoor,,4000,25,4000,8500,0,0,0,0,0,P,P,RP,P,,,,,RP,13800,P
2394,Janssen,Casey,WAS,RP,@ BAL,1.00,0.41,0.24,0.06,0.00,0.05,0.06,0.32,0.18,0.17,0.24,0.000,0.000,0.03,0.01,0.00,0.00,0.13,0.000,1.22,-1.5 (+145) (o/u 7.0) (-115),81 I CF 2-4 10% outdoor,,4000,25,4000,8500,0,0,0,0,0,P,P,RP,P,,,,,RP,14100,P
5779,Cecil,Brett,TOR,RP,@ KC,1.00,0.36,0.29,0.04,0.02,0.02,0.11,0.34,0.12,0.11,0.27,0.000,0.000,0.02,0.01,0.00,0.00,0.14,0.000,1.08,+1.5 (-195) (o/u 8.5) (+116),88 O CF 10-10 10% outdoor,,4200,25,4000,8500,0,0,0,0,0,P,P,RP,P,,,,,RP,13300,P
8826,Morin,Mike,LAA,RP,@ SEA,1.00,0.35,0.21,0.06,0.00,0.04,0.11,0.35,0.15,0.14,0.24,0.000,0.000,0.02,0.01,0.00,0.00,0.07,0.000,1.05,+1.5 (-230) (o/u 7.0) (-112),68 O CF 6-6 50%  retractable,,4300,25,4000,8500,0,0,0,0,0,P,P,RP,P,,,,,RP,14900,P
6138,Worley,Vance,PIT,SP,STL,1.00,0.45,0.34,0.12,0.01,0.04,0.12,0.33,0.20,0.18,0.34,0.000,0.000,0.03,0.02,0.00,0.00,0.00,0.000,1.35,-1.5 (+120) (o/u 7.0) (-173),75 I RF 3-4 40% outdoor,,5200,25,6100,8500,0,0,0,8100,5350,P,P,SP,P,,RP,,SP,SP,0,P
8511,Liberatore,Adam,LAD,RP,MIL,1.00,0.32,0.15,0.07,0.01,0.02,0.09,0.32,0.11,0.10,0.22,0.000,0.000,0.02,0.01,0.00,0.00,0.08,0.000,0.96,-1.5 (+140) (o/u 7.5) (-157),80 O RF 3-6 0% outdoor,,3000,25,4000,8500,0,0,0,0,4500,P,P,RP,P,,,,,RP,16500,P
5562,Dunn,Mike,MIA,RP,CIN,1.00,0.32,0.18,0.06,0.00,0.02,0.14,0.35,0.12,0.11,0.24,0.000,0.000,0.02,0.01,0.00,0.00,0.09,0.000,0.96,+1.5 (-120) (o/u 6.5) (+145),90 I CF 2-9 20%  retractable,,4000,25,4000,8500,0,0,0,0,0,P,P,RP,P,,,,,RP,16100,P
6427,Wilson,Alex,DET,RP,@ MIN,1.00,0.39,0.23,0.08,0.02,0.02,0.09,0.29,0.15,0.13,0.24,0.000,0.000,0.02,0.01,0.00,0.00,0.00,0.000,1.17,+1.5 (-165) (o/u 9.0) (+120),83 I RF 8-8 30% outdoor,,5400,25,4000,8500,0,0,0,4500,0,P,P,RP,P,,,,SP,RP,12900,P
6372,De Fratus,Justin,PHI,RP,@ SF,1.00,0.36,0.24,0.08,0.02,0.02,0.11,0.33,0.13,0.12,0.29,0.000,0.000,0.02,0.01,0.00,0.00,0.06,0.000,1.08,+1.5 (EVEN) (o/u 7.5) (+195),65 O LF 7-10 0% outdoor,,4000,25,4000,8500,0,0,0,0,0,P,P,RP,P,,,,,RP,14000,P
8491,Kahnle,Tom,COL,RP,ATL,1.00,0.40,0.23,0.04,0.01,0.03,0.20,0.35,0.20,0.18,0.22,0.000,0.000,0.02,0.01,0.00,0.00,0.09,0.000,1.20,-1.5 (+145) (o/u 10.5) (-124),90 O CF 5-5 0% outdoor,,4000,25,4000,8500,0,0,0,0,0,P,P,RP,P,,,,,RP,13300,P
5025,Tsao,Chin-hui,LAD,RP,MIL,1.00,0.33,0.20,0.05,0.00,0.03,0.09,0.32,0.13,0.12,0.26,0.000,0.000,0.02,0.01,0.00,0.00,0.00,0.000,0.99,-1.5 (+140) (o/u 7.5) (-157),80 O RF 3-6 0% outdoor,,3000,25,4000,8500,0,0,0,0,0,P,P,RP,P,,,,,,16500,P
9004,Shreve,Chasen,NYY,RP,@ BOS,1.00,0.33,0.21,0.04,0.00,0.02,0.10,0.31,0.12,0.11,0.21,0.000,0.000,0.02,0.01,0.00,0.00,0.02,0.000,0.99,+1.5 (-200) (o/u 9.0) (-110),91 O RF 6-9 10% outdoor,,4400,25,4000,8500,0,0,0,0,0,P,P,RP,P,,,,,RP,13300,P
6463,Pomeranz,Drew,OAK,SP,@ CLE,1.00,0.39,0.21,0.07,0.00,0.03,0.15,0.33,0.18,0.16,0.22,0.000,0.000,0.02,0.01,0.00,0.00,0.00,0.000,1.17,+1.5 (-195) (o/u 6.5) (+123),74 O LF 5-10 60% outdoor,,5700,25,6000,8500,0,0,0,5000,5500,P,P,SP,P,,RP,,SP,RP,15300,P
5900,Wood,Travis,CHC,SP,CHW,1.00,0.36,0.23,0.07,0.00,0.03,0.12,0.33,0.16,0.14,0.28,0.000,0.000,0.02,0.01,0.00,0.00,0.00,0.000,1.08,-1.5 (+130) (o/u 6.0) (-173),72 I CF 6-6 20% outdoor,,4800,25,6100,8500,0,0,0,7000,5150,P,P,SP,P,,RP,,SP,RP,17100,P
6001,Torres,Alexander,NYM,,ARI,1.00,0.35,0.20,0.06,0.00,0.03,0.21,0.36,0.16,0.15,0.24,0.000,0.000,0.02,0.01,0.00,0.00,0.00,0.000,1.05,-1.5 (+195) (o/u 7.5) (+107),89 I CF 3-6 0% outdoor,,4000,0,0,0,0,0,0,0,0,P,,,,,,,,,16400,P
5593,Hernandez,David,ARI,RP,@ NYM,1.00,0.35,0.14,0.09,0.00,0.04,0.14,0.35,0.17,0.16,0.24,0.000,0.000,0.02,0.01,0.00,0.00,0.06,0.000,1.05,+1.5 (-235) (o/u 7.5) (-117),89 I CF 3-6 0% outdoor,,4000,25,4000,8500,0,0,0,0,0,P,P,RP,P,,,,,RP,14600,P
523,Boyer,Blaine,MIN,RP,DET,1.00,0.48,0.32,0.13,0.01,0.03,0.13,0.29,0.22,0.20,0.27,0.000,0.000,0.03,0.02,0.00,0.00,0.06,0.000,1.44,-1.5 (+145) (o/u 9.0) (-130),83 I RF 8-8 30% outdoor,,4000,25,4000,8500,0,0,0,0,0,P,P,RP,P,,,,,RP,15600,P
5709,Sipp,Tony,HOU,RP,@ TB,1.00,0.28,0.11,0.04,0.01,0.03,0.09,0.33,0.11,0.10,0.18,0.000,0.000,0.02,0.01,0.00,0.00,0.10,0.000,0.84,-1.5 (+125) (o/u 7.0) (-131),dome ,,4200,25,4000,8500,0,0,0,0,0,P,P,RP,P,,,,,RP,15600,P
3825,Peralta,Joel,LAD,RP,MIL,1.00,0.32,0.16,0.05,0.00,0.04,0.09,0.33,0.14,0.13,0.24,0.000,0.000,0.02,0.01,0.00,0.00,0.16,0.000,0.95,-1.5 (+140) (o/u 7.5) (-157),80 O RF 3-6 0% outdoor,,4000,25,4000,8500,0,0,0,0,0,P,P,RP,P,,,,,RP,16500,P
8519,Maness,Seth,STL,RP,@ PIT,1.00,0.40,0.34,0.07,0.01,0.03,0.05,0.29,0.15,0.14,0.33,0.000,0.000,0.02,0.01,0.02,0.00,0.08,0.000,1.20,+1.5 (-140) (o/u 7.0) (+158),75 I RF 3-4 40% outdoor,,4000,25,4000,8500,0,0,0,0,0,P,P,RP,P,,,,,RP,0,P
5929,Abad,Fernando,OAK,RP,@ CLE,1.00,0.36,0.23,0.05,0.00,0.03,0.09,0.31,0.15,0.14,0.23,0.000,0.000,0.02,0.01,0.00,0.00,0.09,0.000,1.08,+1.5 (-195) (o/u 6.5) (+123),74 O LF 5-10 60% outdoor,,4500,25,4000,8500,0,0,0,0,0,P,P,RP,P,,,,,RP,15300,P
6186,Pestano,Vinnie,LAA,RP,@ SEA,1.00,0.32,0.16,0.06,0.00,0.07,0.12,0.38,0.18,0.16,0.25,0.000,0.000,0.02,0.01,0.00,0.00,0.07,0.000,0.95,+1.5 (-230) (o/u 7.0) (-112),68 O CF 6-6 50%  retractable,,4400,25,4000,8500,0,0,0,0,0,P,P,RP,P,,,,,RP,14900,P
2918,Lowe,Mark,SEA,RP,LAA,1.00,0.35,0.14,0.08,0.00,0.04,0.15,0.34,0.17,0.16,0.20,0.000,0.000,0.02,0.01,0.00,0.00,0.06,0.000,1.05,-1.5 (+190) (o/u 7.0) (+102),68 O CF 6-6 50%  retractable,,0,25,4000,8500,0,0,0,0,0,,P,RP,P,,,,,RP,16200,P
3434,Motte,Jason,CHC,RP,CHW,1.00,0.35,0.19,0.05,0.00,0.02,0.08,0.28,0.14,0.13,0.23,0.000,0.000,0.02,0.01,0.20,0.02,-0.01,0.000,1.05,-1.5 (+130) (o/u 6.0) (-173),72 I CF 6-6 20% outdoor,,4000,25,4000,8500,0,0,0,0,0,P,P,RP,P,,,,,RP,17100,P
3996,Qualls,Chad,HOU,RP,@ TB,1.00,0.36,0.25,0.05,0.01,0.03,0.09,0.29,0.14,0.13,0.25,0.000,0.000,0.02,0.01,0.06,0.01,0.10,0.000,1.08,-1.5 (+125) (o/u 7.0) (-131),dome ,,4100,25,4000,8500,0,0,0,0,0,P,P,RP,P,,,,,RP,15600,P
7541,Hendriks,Liam,TOR,RP,@ KC,1.00,0.39,0.34,0.09,0.01,0.02,0.06,0.28,0.14,0.13,0.31,0.000,0.000,0.02,0.01,0.00,0.00,0.00,0.000,1.17,+1.5 (-195) (o/u 8.5) (+116),88 O CF 10-10 10% outdoor,,4500,25,6700,8500,0,0,0,0,4750,P,P,RP,P,,RP,,,RP,13300,P
6766,Layne,Tom,BOS,RP,NYY,1.00,0.32,0.18,0.05,0.01,0.01,0.16,0.33,0.13,0.12,0.21,0.000,0.000,0.02,0.01,0.00,0.00,0.03,0.000,0.96,-1.5 (+170) (o/u 9.0) (EVEN),91 O RF 6-9 10% outdoor,,4200,25,4000,8500,0,0,0,0,0,P,P,RP,P,,,,,RP,15500,P
7847,Rondon,Bruce,DET,RP,@ MIN,1.00,0.30,0.17,0.07,0.01,0.02,0.13,0.33,0.11,0.11,0.24,0.000,0.000,0.02,0.01,0.00,0.00,0.04,0.000,0.90,+1.5 (-165) (o/u 9.0) (+120),83 I RF 8-8 30% outdoor,,4600,25,4000,8500,0,0,0,0,0,P,P,RP,P,,,,,RP,12900,P
6953,Dyson,Samuel,MIA,RP,CIN,1.00,0.40,0.33,0.05,0.01,0.01,0.16,0.30,0.16,0.15,0.29,0.000,0.000,0.02,0.01,0.00,0.00,0.06,0.000,1.20,+1.5 (-120) (o/u 6.5) (+145),90 I CF 2-9 20%  retractable,,4000,25,4000,8500,0,0,0,0,0,P,P,RP,P,,,,,RP,16100,P
7626,Gilmartin,Sean,NYM,RP,ARI,1.00,0.36,0.16,0.08,0.01,0.03,0.14,0.30,0.16,0.15,0.22,0.000,0.000,0.02,0.01,0.00,0.00,0.01,0.000,1.08,-1.5 (+195) (o/u 7.5) (+107),89 I CF 3-6 0% outdoor,,3000,25,4000,8500,0,0,0,0,0,P,P,RP,P,,,,,RP,16400,P
396,Betancourt,Rafael,COL,RP,ATL,1.00,0.36,0.29,0.07,0.01,0.03,0.09,0.31,0.15,0.13,0.31,0.000,0.000,0.02,0.01,0.00,0.00,0.09,0.000,1.08,-1.5 (+145) (o/u 10.5) (-124),90 O CF 5-5 0% outdoor,,0,25,4000,8500,0,0,0,0,0,,P,RP,P,,,,,RP,13300,P
6270,Vizcaino,Arodys,ATL,RP,@ COL,1.00,0.35,0.29,0.07,0.01,0.03,0.12,0.32,0.15,0.14,0.33,0.000,0.000,0.02,0.01,0.00,0.00,0.00,0.000,1.05,+1.5 (-165) (o/u 10.5) (+114),90 O CF 5-5 0% outdoor,,4200,25,4000,8500,0,0,0,0,0,P,P,RP,P,,,,,RP,13800,P
777,Capuano,Chris,NYY,SP,@ BOS,1.00,0.42,0.33,0.11,0.01,0.03,0.12,0.30,0.19,0.17,0.30,0.000,0.000,0.03,0.02,0.00,0.00,0.00,0.000,1.26,+1.5 (-200) (o/u 9.0) (-110),91 O RF 6-9 10% outdoor,,5800,25,4000,8500,0,0,0,5100,5550,P,P,SP,P,,RP,,SP,RP,13300,P
6159,Jeffress,Jeremy,MIL,RP,@ LAD,1.00,0.35,0.26,0.05,0.00,0.02,0.19,0.34,0.15,0.14,0.28,0.000,0.000,0.02,0.01,0.00,0.00,0.05,0.000,1.05,+1.5 (-160) (o/u 7.5) (+142),80 O RF 3-6 0% outdoor,,4000,25,4000,8500,0,0,0,0,0,P,P,RP,P,,,,,RP,13800,P
619,Broxton,Jonathan,MIL,RP,@ LAD,1.00,0.36,0.24,0.04,0.01,0.04,0.14,0.32,0.17,0.15,0.27,0.000,0.000,0.02,0.01,0.00,0.00,0.03,0.000,1.08,+1.5 (-160) (o/u 7.5) (+142),80 O RF 3-6 0% outdoor,,4000,25,4000,8500,0,0,0,0,0,P,P,RP,P,,,,,RP,13800,P
6527,Scribner,Evan,OAK,RP,@ CLE,1.00,0.36,0.20,0.08,0.01,0.05,0.07,0.30,0.17,0.16,0.26,0.000,0.000,0.02,0.01,0.00,0.00,0.06,0.000,1.08,+1.5 (-195) (o/u 6.5) (+123),74 O LF 5-10 60% outdoor,,4500,25,4000,8500,0,0,0,0,0,P,P,RP,P,,,,,RP,15300,P
6581,Koehler,Tom,MIA,SP,CIN,1.00,0.42,0.29,0.06,0.01,0.03,0.15,0.29,0.20,0.18,0.28,0.000,0.000,0.02,0.02,0.00,0.00,0.00,0.000,1.26,+1.5 (-120) (o/u 6.5) (+145),90 I CF 2-9 20%  retractable,,7000,25,5900,11450,0,103600,0,11700,5550,P,P,SP,P,,SP,,SP,SP,16100,P
2984,Madson,Ryan,KC,RP,TOR,1.00,0.30,0.16,0.03,0.00,0.02,0.09,0.28,0.11,0.10,0.19,0.000,0.000,0.02,0.01,0.00,0.00,0.00,0.000,0.90,-1.5 (+165) (o/u 8.5) (-126),88 O CF 10-10 10% outdoor,,0,25,4000,8500,0,0,0,0,0,,P,RP,P,,,,,RP,16100,P
9420,Patton,Spencer,TEX,RP,SD,1.00,0.30,0.17,0.05,0.00,0.04,0.08,0.31,0.13,0.12,0.24,0.000,0.000,0.02,0.01,0.00,0.00,0.03,0.000,0.90,-1.5 (+145) (o/u 9.0) (-136),92 I RF 9-9 0% outdoor,,4600,25,4000,8500,0,0,0,0,0,P,P,RP,P,,,,,RP,16100,P
5639,Matusz,Brian,BAL,RP,WAS,1.00,0.28,0.14,0.06,0.00,0.03,0.12,0.34,0.12,0.11,0.23,0.000,0.000,0.01,0.01,0.00,0.00,0.07,0.000,0.84,+1.5 (-165) (o/u 7.0) (+105),81 I CF 2-4 10% outdoor,,4000,25,4000,8500,0,0,0,0,0,P,P,RP,P,,,,,RP,16600,P
7604,Otero,Dan,OAK,RP,@ CLE,1.00,0.48,0.40,0.08,0.01,0.03,0.10,0.24,0.21,0.19,0.29,0.000,0.000,0.02,0.02,0.00,0.00,0.09,0.000,1.44,+1.5 (-195) (o/u 6.5) (+123),74 O LF 5-10 60% outdoor,,5300,0,0,8500,0,0,0,0,0,P,,RP,P,,,,,RP,15300,P
6379,Phelps,David,MIA,SP,CIN,1.00,0.39,0.28,0.06,0.02,0.02,0.13,0.29,0.17,0.15,0.28,0.000,0.000,0.02,0.01,0.00,0.00,0.03,0.000,1.16,+1.5 (-120) (o/u 6.5) (+145),90 I CF 2-9 20%  retractable,,6100,25,4300,8500,0,0,0,9100,5250,P,P,SP,P,,RP,,SP,SP,16100,P
7712,Alvarez,Jose,LAA,SP,@ SEA,1.00,0.30,0.16,0.06,0.01,0.04,0.09,0.31,0.13,0.12,0.24,0.000,0.000,0.02,0.01,0.00,0.00,0.00,0.000,0.90,+1.5 (-230) (o/u 7.0) (-112),68 O CF 6-6 50%  retractable,,4400,25,4000,8500,0,0,0,0,0,P,P,SP,P,,,,,RP,14900,P
8856,Webb,Daniel,CHW,RP,@ CHC,1.00,0.30,0.19,0.06,0.01,0.02,0.17,0.34,0.13,0.12,0.28,0.000,0.000,0.01,0.01,0.00,0.00,0.00,0.000,0.90,+1.5 (-150) (o/u 6.0) (+158),72 I CF 6-6 20% outdoor,,4200,25,4000,8500,0,0,0,0,0,P,P,RP,P,,,,,RP,14700,P
9875,Despaigne,Odrisamer,SD,SP,@ TEX,1.00,0.45,0.34,0.07,0.01,0.04,0.11,0.27,0.22,0.20,0.28,0.000,0.000,0.03,0.02,0.00,0.00,0.00,0.000,1.35,+1.5 (-165) (o/u 9.0) (+126),92 I RF 9-9 0% outdoor,,5200,25,6000,8500,0,70000,0,7900,4950,P,P,SP,P,,SP,,SP,SP,14100,P
6523,Kontos,George,SF,RP,PHI,1.00,0.33,0.18,0.06,0.01,0.02,0.07,0.25,0.12,0.11,0.24,0.000,0.000,0.02,0.01,0.00,0.00,0.00,0.000,0.99,-1.5 (-120) (o/u 7.5) (-225),65 O LF 7-10 0% outdoor,,4000,25,4000,8500,0,0,0,0,0,P,P,RP,P,,,,,RP,15800,P
6480,Hardy,Blaine,DET,RP,@ MIN,1.00,0.30,0.17,0.05,0.01,0.01,0.12,0.29,0.11,0.10,0.22,0.000,0.000,0.02,0.01,0.00,0.00,0.01,0.000,0.90,+1.5 (-165) (o/u 9.0) (+120),83 I RF 8-8 30% outdoor,,4400,25,4000,8500,0,0,0,0,0,P,P,RP,P,,,,,RP,12900,P
5978,Morris,Bryan,MIA,RP,CIN,1.00,0.40,0.34,0.06,0.01,0.03,0.16,0.30,0.18,0.17,0.32,0.000,0.000,0.02,0.01,0.00,0.00,0.09,0.000,1.20,+1.5 (-120) (o/u 6.5) (+145),90 I CF 2-9 20%  retractable,,4000,25,4000,8500,0,0,0,0,0,P,P,RP,P,,,,,RP,16100,P
1054,Cotts,Neal,MIL,RP,@ LAD,1.00,0.32,0.18,0.05,0.00,0.04,0.12,0.31,0.15,0.13,0.26,0.000,0.000,0.01,0.01,0.00,0.00,0.03,0.000,0.95,+1.5 (-160) (o/u 7.5) (+142),80 O RF 3-6 0% outdoor,,4000,25,4000,8500,0,0,0,0,0,P,P,RP,P,,,,,RP,13800,P
6016,Ogando,Alexi,BOS,RP,NYY,1.00,0.39,0.22,0.07,0.01,0.04,0.15,0.30,0.20,0.18,0.23,0.000,0.000,0.02,0.01,0.00,0.00,0.06,0.000,1.16,-1.5 (+170) (o/u 9.0) (EVEN),91 O RF 6-9 10% outdoor,,4400,25,4000,8500,0,0,0,0,0,P,P,RP,P,,,,,RP,15500,P
3751,Parra,Manny,CIN,RP,@ MIA,1.00,0.32,0.22,0.06,0.01,0.02,0.11,0.28,0.12,0.11,0.30,0.000,0.000,0.02,0.01,0.00,0.00,0.07,0.000,0.96,-1.5 (EVEN) (o/u 6.5) (-160),90 I CF 2-9 20%  retractable,,4000,25,4000,8500,0,0,0,0,0,P,P,RP,P,,,,,RP,16200,P
5722,Thayer,Dale,SD,RP,@ TEX,1.00,0.36,0.25,0.05,0.01,0.05,0.11,0.30,0.18,0.17,0.27,0.000,0.000,0.02,0.01,0.00,0.00,0.07,0.000,1.08,+1.5 (-165) (o/u 9.0) (+126),92 I RF 9-9 0% outdoor,,4000,25,4000,8500,0,0,0,0,0,P,P,RP,P,,,,,RP,14100,P
8469,Osich,Josh,SF,RP,PHI,1.00,0.30,0.18,0.06,0.01,0.01,0.11,0.27,0.11,0.10,0.26,0.000,0.000,0.02,0.01,0.00,0.00,0.00,0.000,0.90,-1.5 (-120) (o/u 7.5) (-225),65 O LF 7-10 0% outdoor,,3000,25,4000,8500,0,0,0,0,0,P,P,RP,P,,,,,,15800,P
5906,Gomez,Jeanmar,PHI,RP,@ SF,1.00,0.42,0.34,0.10,0.02,0.02,0.13,0.27,0.18,0.17,0.33,0.000,0.000,0.02,0.02,0.00,0.00,0.00,0.000,1.26,+1.5 (EVEN) (o/u 7.5) (+195),65 O LF 7-10 0% outdoor,,4000,25,4000,8500,0,0,0,0,0,P,P,RP,P,,,,,RP,14000,P
7546,Cedeno,Xavier,TB,RP,HOU,1.00,0.28,0.19,0.06,0.01,0.03,0.10,0.32,0.12,0.11,0.27,0.000,0.000,0.01,0.01,0.00,0.00,0.09,0.000,0.84,+1.5 (-145) (o/u 7.0) (+121),dome ,,4300,25,4000,8500,0,0,0,0,0,P,P,RP,P,,,,,RP,15600,P
6529,Bass,Anthony,TEX,RP,SD,1.00,0.45,0.31,0.11,0.01,0.07,0.15,0.31,0.26,0.24,0.30,0.000,0.000,0.02,0.02,0.00,0.00,0.00,0.000,1.35,-1.5 (+145) (o/u 9.0) (-136),92 I RF 9-9 0% outdoor,,4600,25,4000,8500,0,0,0,0,0,P,P,RP,P,,,,,RP,16100,P
2073,Hawkins,LaTroy,COL,RP,ATL,1.00,0.40,0.32,0.05,0.01,0.03,0.06,0.23,0.16,0.15,0.29,0.000,0.000,0.02,0.01,0.00,0.00,0.09,0.000,1.20,-1.5 (+145) (o/u 10.5) (-124),90 O CF 5-5 0% outdoor,,4000,25,4000,8500,0,0,0,0,0,P,P,RP,P,,,,,RP,13300,P
9893,Finnegan,Brandon,KC,RP,TOR,1.00,0.39,0.21,0.07,0.01,0.04,0.16,0.28,0.20,0.18,0.22,0.000,0.000,0.02,0.01,0.00,0.00,0.00,0.000,1.17,-1.5 (+165) (o/u 8.5) (-126),88 O CF 10-10 10% outdoor,,4600,25,4000,8500,0,0,0,0,0,P,P,RP,P,,,,,RP,16100,P
5822,Norris,Bud,BAL,SP,WAS,1.00,0.33,0.21,0.07,0.00,0.05,0.12,0.33,0.17,0.16,0.27,0.000,0.000,0.01,0.01,0.00,0.00,0.00,0.000,0.98,+1.5 (-165) (o/u 7.0) (+105),81 I CF 2-4 10% outdoor,,6400,25,7400,8500,0,0,0,8000,5750,P,P,SP,P,,RP,,SP,SP,16600,P
6407,Gomes,Brandon,TB,RP,HOU,1.00,0.28,0.14,0.04,0.01,0.05,0.08,0.31,0.14,0.13,0.23,0.000,0.000,0.01,0.01,0.00,0.00,0.00,0.000,0.83,+1.5 (-145) (o/u 7.0) (+121),dome ,,4100,25,4000,8500,0,0,0,0,0,P,P,RP,P,,,,,RP,15600,P
6396,Wilson,Justin,NYY,RP,@ BOS,1.00,0.32,0.17,0.04,0.01,0.01,0.14,0.26,0.13,0.12,0.19,0.000,0.000,0.02,0.01,0.00,0.00,0.07,0.000,0.95,+1.5 (-200) (o/u 9.0) (-110),91 O RF 6-9 10% outdoor,,4200,25,4000,8500,0,0,0,0,0,P,P,RP,P,,,,,RP,13300,P
6580,Jennings,Dan,CHW,RP,@ CHC,1.00,0.27,0.20,0.05,0.02,0.02,0.15,0.32,0.11,0.10,0.31,0.000,0.000,0.01,0.01,0.00,0.00,0.06,0.000,0.81,+1.5 (-150) (o/u 6.0) (+158),72 I CF 6-6 20% outdoor,,4600,25,4000,8500,0,0,0,0,0,P,P,RP,P,,,,,RP,14700,P
7666,Mendez,Roman,TEX,RP,SD,1.00,0.33,0.20,0.07,0.01,0.04,0.12,0.30,0.16,0.15,0.26,0.000,0.000,0.02,0.01,0.00,0.00,0.00,0.000,0.99,-1.5 (+145) (o/u 9.0) (-136),92 I RF 9-9 0% outdoor,,4600,0,0,8500,0,0,0,0,0,P,,RP,P,,,,,RP,16100,P
5776,Rodriguez,Fernando,OAK,RP,@ CLE,1.00,0.30,0.16,0.06,0.01,0.02,0.14,0.29,0.14,0.13,0.23,0.000,0.000,0.02,0.01,0.00,0.00,0.00,0.000,0.90,+1.5 (-195) (o/u 6.5) (+123),74 O LF 5-10 60% outdoor,,4500,25,4000,8500,0,0,0,0,0,P,P,RP,P,,,,,RP,15300,P
2275,Howell,J.P.,LAD,RP,MIL,1.00,0.28,0.16,0.03,0.00,0.01,0.09,0.24,0.10,0.09,0.22,0.000,0.000,0.02,0.01,0.00,0.00,0.12,0.000,0.84,-1.5 (+140) (o/u 7.5) (-157),80 O RF 3-6 0% outdoor,,4000,25,4000,8500,0,0,0,0,0,P,P,RP,P,,,,,RP,16500,P
5914,Nicasio,Juan,LAD,RP,MIL,1.00,0.33,0.18,0.08,0.01,0.04,0.11,0.28,0.16,0.15,0.29,0.000,0.000,0.02,0.01,0.00,0.00,0.00,0.000,0.99,-1.5 (+140) (o/u 7.5) (-157),80 O RF 3-6 0% outdoor,,4000,25,4000,8500,0,0,0,4500,4750,P,P,RP,P,,,,SP,RP,16500,P
8094,Neris,Hector,PHI,RP,@ SF,1.00,0.33,0.20,0.07,0.01,0.02,0.14,0.28,0.15,0.14,0.27,0.000,0.000,0.02,0.01,0.00,0.00,0.00,0.000,0.99,+1.5 (EVEN) (o/u 7.5) (+195),65 O LF 7-10 0% outdoor,,4200,25,4000,8500,0,0,0,0,4500,P,P,RP,P,,,,,RP,14000,P
6918,Carpenter,David,ATL,,@ COL,1.00,0.30,0.22,0.05,0.01,0.02,0.11,0.27,0.12,0.11,0.29,0.000,0.000,0.02,0.01,0.00,0.00,0.03,0.000,0.90,+1.5 (-165) (o/u 10.5) (+114),90 O CF 5-5 0% outdoor,,4200,25,0,8500,0,0,0,0,0,P,P,,P,,,,,RP,13800,P
9360,Knebel,Corey,MIL,RP,@ LAD,1.00,0.30,0.16,0.07,0.00,0.03,0.14,0.30,0.15,0.13,0.26,0.000,0.000,0.01,0.01,0.00,0.00,0.00,0.000,0.90,+1.5 (-160) (o/u 7.5) (+142),80 O RF 3-6 0% outdoor,,4000,25,4000,8500,0,0,0,0,0,P,P,RP,P,,,,,RP,13800,P
8544,Robles,Hansel,NYM,RP,ARI,1.00,0.30,0.17,0.07,0.01,0.02,0.12,0.27,0.13,0.12,0.26,0.000,0.000,0.02,0.01,0.00,0.00,0.00,0.000,0.90,-1.5 (+195) (o/u 7.5) (+107),89 I CF 3-6 0% outdoor,,3000,25,4000,8500,0,0,0,0,0,P,P,RP,P,,,,,SP,16400,P
7716,Freeman,Sam,TEX,RP,SD,1.00,0.27,0.18,0.03,0.00,0.02,0.10,0.27,0.10,0.10,0.23,0.000,0.000,0.01,0.01,0.00,0.00,0.00,0.000,0.81,-1.5 (+145) (o/u 9.0) (-136),92 I RF 9-9 0% outdoor,,4500,25,4000,8500,0,0,0,0,0,P,P,RP,P,,,,,RP,16100,P
6861,Hughes,Jared,PIT,RP,STL,1.00,0.35,0.25,0.04,0.00,0.02,0.09,0.22,0.14,0.13,0.27,0.000,0.000,0.02,0.01,0.00,0.00,0.07,0.000,1.05,-1.5 (+120) (o/u 7.0) (-173),75 I RF 3-4 40% outdoor,,4000,25,4000,8500,0,0,0,0,0,P,P,RP,P,,,,,RP,0,P
4960,Thornton,Matt,WAS,RP,@ BAL,1.00,0.28,0.20,0.03,0.00,0.02,0.06,0.23,0.10,0.09,0.25,0.000,0.000,0.02,0.01,0.00,0.00,0.08,0.000,0.84,-1.5 (+145) (o/u 7.0) (-115),81 I CF 2-4 10% outdoor,,4000,25,4000,8500,0,0,0,0,0,P,P,RP,P,,,,,RP,14100,P
3441,Mujica,Edward,OAK,RP,@ CLE,1.00,0.40,0.25,0.11,0.00,0.05,0.08,0.24,0.20,0.19,0.29,0.000,0.000,0.02,0.01,0.00,0.00,0.09,0.000,1.20,+1.5 (-195) (o/u 6.5) (+123),74 O LF 5-10 60% outdoor,,4600,25,4000,8500,0,0,0,0,0,P,P,RP,P,,,,,RP,15300,P
8366,Grimm,Justin,CHC,RP,CHW,1.00,0.23,0.13,0.03,0.00,0.01,0.08,0.26,0.08,0.07,0.24,0.000,0.000,0.01,0.01,0.00,0.00,0.00,0.000,0.68,-1.5 (+130) (o/u 6.0) (-173),72 I CF 6-6 20% outdoor,,4000,25,4000,8500,0,0,0,0,0,P,P,RP,P,,,,,RP,17100,P
8979,Rollins,David,SEA,RP,LAA,1.00,0.30,0.15,0.07,0.00,0.03,0.12,0.27,0.14,0.13,0.22,0.000,0.000,0.01,0.01,0.00,0.00,0.00,0.000,0.90,-1.5 (+190) (o/u 7.0) (+102),68 O CF 6-6 50%  retractable,,3000,25,4000,8500,0,0,0,0,0,P,P,RP,P,,,,,RP,16200,P
6213,Friedrich,Christian,COL,RP,ATL,1.00,0.38,0.32,0.07,0.01,0.05,0.12,0.29,0.20,0.18,0.34,0.000,0.000,0.02,0.01,0.00,0.00,0.00,0.000,1.13,-1.5 (+145) (o/u 10.5) (-124),90 O CF 5-5 0% outdoor,,4000,25,4000,8500,0,0,0,0,4500,P,P,RP,P,,,,,RP,13300,P
5861,Axford,John,COL,RP,ATL,1.00,0.32,0.22,0.04,0.00,0.03,0.13,0.27,0.15,0.14,0.26,0.000,0.000,0.02,0.01,0.20,0.02,-0.06,0.000,0.95,-1.5 (+145) (o/u 10.5) (-124),90 O CF 5-5 0% outdoor,,0,25,4000,8500,0,0,0,0,0,,P,RP,P,,,,,RP,13300,P
5813,Rzepczynski,Marc,CLE,RP,OAK,1.00,0.28,0.18,0.05,0.00,0.01,0.12,0.25,0.11,0.10,0.22,0.000,0.000,0.02,0.01,0.00,0.00,0.14,0.000,0.84,-1.5 (+165) (o/u 6.5) (-133),74 O LF 5-10 60% outdoor,,4200,25,4000,8500,0,0,0,0,0,P,P,RP,P,,,,,RP,16900,P
6943,Schultz,Bo,TOR,RP,@ KC,1.00,0.39,0.30,0.09,0.01,0.02,0.10,0.21,0.17,0.15,0.28,0.000,0.000,0.02,0.01,0.00,0.00,0.03,0.000,1.17,+1.5 (-195) (o/u 8.5) (+116),88 O CF 10-10 10% outdoor,,4500,25,4000,8500,0,0,0,0,4500,P,P,RP,P,,,,,RP,13300,P
5743,Webb,Ryan,CLE,RP,OAK,1.00,0.33,0.20,0.06,0.01,0.02,0.09,0.22,0.14,0.13,0.22,0.000,0.000,0.02,0.01,0.00,0.00,0.00,0.000,0.99,-1.5 (+165) (o/u 6.5) (-133),74 O LF 5-10 60% outdoor,,4400,25,4000,8500,0,0,0,0,0,P,P,RP,P,,,,,RP,16900,P
7785,Krol,Ian,DET,RP,@ MIN,1.00,0.28,0.20,0.08,0.01,0.03,0.09,0.27,0.12,0.11,0.30,0.000,0.000,0.02,0.01,0.00,0.00,0.10,0.000,0.84,+1.5 (-165) (o/u 9.0) (+120),83 I RF 8-8 30% outdoor,,4300,25,4000,8500,0,0,0,0,0,P,P,RP,P,,,,,RP,12900,P
2871,Logan,Boone,COL,RP,ATL,1.00,0.28,0.24,0.04,0.00,0.04,0.12,0.30,0.14,0.13,0.32,0.000,0.000,0.01,0.01,0.02,0.00,0.11,0.000,0.84,-1.5 (+145) (o/u 10.5) (-124),90 O CF 5-5 0% outdoor,,4000,25,4000,8500,0,0,0,0,0,P,P,RP,P,,,,,RP,13300,P
6561,Socolovich,Miguel,STL,RP,@ PIT,1.00,0.33,0.19,0.08,0.01,0.02,0.14,0.24,0.15,0.14,0.27,0.000,0.000,0.02,0.01,0.00,0.00,0.00,0.000,0.98,+1.5 (-140) (o/u 7.0) (+158),75 I RF 3-4 40% outdoor,,2500,25,4000,8500,0,0,0,0,0,P,P,RP,P,,,,,,0,P
8401,Contreras,Carlos,CIN,RP,@ MIA,1.00,0.30,0.19,0.05,0.01,0.01,0.15,0.24,0.13,0.12,0.28,0.000,0.000,0.02,0.01,0.00,0.00,0.00,0.000,0.90,-1.5 (EVEN) (o/u 6.5) (-160),90 I CF 2-9 20%  retractable,,4000,25,4000,8500,0,0,0,0,0,P,P,RP,P,,,,,RP,16200,P
6294,Brothers,Rex,COL,,ATL,1.00,0.32,0.24,0.04,0.01,0.03,0.19,0.29,0.17,0.16,0.28,0.000,0.000,0.02,0.01,0.00,0.00,0.12,0.000,0.96,-1.5 (+145) (o/u 10.5) (-124),90 O CF 5-5 0% outdoor,,5700,0,0,8500,0,0,0,0,0,P,,,P,,,,,RP,13300,P
8814,Barnes,Matt,BOS,RP,NYY,1.00,0.30,0.21,0.08,0.01,0.03,0.13,0.28,0.15,0.14,0.29,0.000,0.000,0.01,0.01,0.00,0.00,0.00,0.000,0.90,-1.5 (+170) (o/u 9.0) (EVEN),91 O RF 6-9 10% outdoor,,4600,25,5400,8500,0,0,0,0,0,P,P,RP,P,,RP,,,,15500,P
8394,Harris,Will,HOU,RP,@ TB,1.00,0.23,0.09,0.04,0.00,0.01,0.08,0.23,0.08,0.08,0.17,0.000,0.000,0.01,0.01,0.00,0.00,0.00,0.000,0.68,-1.5 (+125) (o/u 7.0) (-131),dome ,,4400,25,4000,8500,0,0,0,0,0,P,P,RP,P,,,,,RP,15600,P
5561,Duensing,Brian,MIN,RP,DET,1.00,0.32,0.21,0.07,0.01,0.03,0.12,0.25,0.15,0.14,0.26,0.000,0.000,0.02,0.01,0.00,0.00,0.06,0.000,0.95,-1.5 (+145) (o/u 9.0) (-130),83 I RF 8-8 30% outdoor,,4200,25,4000,8500,0,0,0,0,0,P,P,RP,P,,,,,RP,15600,P
7184,Avilan,Luis,ATL,RP,@ COL,1.00,0.32,0.26,0.06,0.01,0.02,0.09,0.22,0.14,0.13,0.32,0.000,0.000,0.02,0.01,0.00,0.00,0.14,0.000,0.96,+1.5 (-165) (o/u 10.5) (+114),90 O CF 5-5 0% outdoor,,4000,25,4000,8500,0,0,0,0,0,P,P,RP,P,,,,,RP,13800,P
432,Blanton,Joe,KC,SP,TOR,1.00,0.30,0.22,0.07,0.01,0.04,0.08,0.25,0.14,0.13,0.29,0.000,0.000,0.02,0.01,0.00,0.00,0.00,0.000,0.90,-1.5 (+165) (o/u 8.5) (-126),88 O CF 10-10 10% outdoor,,5500,25,4000,8500,0,70000,0,6000,4650,P,P,SP,P,,SP,,SP,RP,16100,P
9110,Garcia,Luis,PHI,RP,@ SF,1.00,0.33,0.23,0.06,0.01,0.02,0.20,0.27,0.17,0.16,0.28,0.000,0.000,0.02,0.01,0.00,0.00,0.03,0.000,0.99,+1.5 (EVEN) (o/u 7.5) (+195),65 O LF 7-10 0% outdoor,,4000,25,4000,8500,0,0,0,0,0,P,P,RP,P,,,,,RP,14000,P
3618,O'Flaherty,Eric,OAK,RP,@ CLE,1.00,0.32,0.21,0.04,0.00,0.02,0.12,0.22,0.14,0.13,0.24,0.000,0.000,0.02,0.01,0.00,0.00,0.09,0.000,0.95,+1.5 (-195) (o/u 6.5) (+123),74 O LF 5-10 60% outdoor,,4400,25,4000,8500,0,0,0,0,0,P,P,RP,P,,,,,RP,15300,P
6471,Adcock,Nathan,CIN,RP,@ MIA,1.00,0.35,0.27,0.07,0.01,0.01,0.13,0.20,0.15,0.14,0.32,0.000,0.000,0.02,0.01,0.00,0.00,0.00,0.000,1.05,-1.5 (EVEN) (o/u 6.5) (-160),90 I CF 2-9 20%  retractable,,4000,25,4000,8500,0,0,0,0,0,P,P,RP,P,,,,,RP,16200,P
5637,Mateo,Marcos,SD,RP,@ TEX,1.00,0.30,0.20,0.06,0.01,0.02,0.12,0.23,0.14,0.13,0.26,0.000,0.000,0.02,0.01,0.00,0.00,0.00,0.000,0.90,+1.5 (-165) (o/u 9.0) (+126),92 I RF 9-9 0% outdoor,,0,25,4000,8500,0,0,0,0,0,,P,RP,P,,,,,RP,14100,P
187,Badenhop,Burke,CIN,RP,@ MIA,1.00,0.35,0.31,0.05,0.01,0.00,0.09,0.17,0.13,0.12,0.34,0.000,0.000,0.02,0.01,0.00,0.00,0.07,0.000,1.05,-1.5 (EVEN) (o/u 6.5) (-160),90 I CF 2-9 20%  retractable,,4000,25,4000,8500,0,0,0,0,0,P,P,RP,P,,,,,RP,16200,P
7617,Villarreal,Pedro,CIN,RP,@ MIA,1.00,0.33,0.26,0.06,0.01,0.01,0.10,0.19,0.13,0.12,0.33,0.000,0.000,0.02,0.01,0.00,0.00,0.00,0.000,0.98,-1.5 (EVEN) (o/u 6.5) (-160),90 I CF 2-9 20%  retractable,,4000,25,4000,8500,0,0,0,0,0,P,P,RP,P,,,,,RP,16200,P
7717,Greenwood,Nick,STL,,@ PIT,1.00,0.39,0.34,0.07,0.01,0.02,0.13,0.21,0.18,0.17,0.34,0.000,0.000,0.02,0.01,0.00,0.00,0.00,0.000,1.17,+1.5 (-140) (o/u 7.0) (+158),75 I RF 3-4 40% outdoor,,4600,0,0,0,0,0,0,0,0,P,,,,,,,,RP,0,P
5833,Manship,Jeff,CLE,RP,OAK,1.00,0.39,0.28,0.08,0.02,0.03,0.17,0.23,0.21,0.20,0.28,0.000,0.000,0.02,0.01,0.00,0.00,0.00,0.000,1.17,-1.5 (+165) (o/u 6.5) (-133),74 O LF 5-10 60% outdoor,,4400,25,4000,8500,0,0,0,0,0,P,P,RP,P,,,,,RP,16900,P
6106,Russell,James,CHC,RP,CHW,1.00,0.28,0.17,0.05,0.01,0.02,0.07,0.20,0.12,0.11,0.26,0.000,0.000,0.02,0.01,0.00,0.00,0.03,0.000,0.84,-1.5 (+130) (o/u 6.0) (-173),72 I CF 6-6 20% outdoor,,4000,25,4000,8500,0,0,0,0,0,P,P,RP,P,,,,,RP,17100,P
2899,Lopez,Javier,SF,RP,PHI,1.00,0.24,0.10,0.04,0.01,0.01,0.07,0.18,0.08,0.08,0.19,0.000,0.000,0.02,0.01,0.00,0.00,0.07,0.000,0.72,-1.5 (-120) (o/u 7.5) (-225),65 O LF 7-10 0% outdoor,,4000,25,4000,8500,0,0,0,0,0,P,P,RP,P,,,,,RP,15800,P
5955,Guerra,Deolis,PIT,RP,STL,1.00,0.30,0.20,0.07,0.01,0.02,0.11,0.22,0.14,0.13,0.30,0.000,0.000,0.02,0.01,0.00,0.00,0.00,0.000,0.90,-1.5 (+120) (o/u 7.0) (-173),75 I RF 3-4 40% outdoor,,3000,25,4000,8500,0,0,0,0,0,P,P,RP,P,,SP,,,P,0,P
9565,Crockett,Kyle,CLE,RP,OAK,1.00,0.25,0.14,0.05,0.00,0.02,0.07,0.20,0.10,0.09,0.23,0.000,0.000,0.02,0.01,0.00,0.00,0.00,0.000,0.74,-1.5 (+165) (o/u 6.5) (-133),74 O LF 5-10 60% outdoor,,4600,25,4000,8500,0,0,0,0,0,P,P,RP,P,,,,,RP,16900,P
7649,Tepera,Ryan,TOR,RP,@ KC,1.00,0.28,0.16,0.05,0.01,0.02,0.05,0.17,0.11,0.10,0.22,0.000,0.000,0.02,0.01,0.00,0.00,0.00,0.000,0.83,+1.5 (-195) (o/u 8.5) (+116),88 O CF 10-10 10% outdoor,,3000,25,4000,8500,0,0,0,0,0,P,P,RP,P,,,,,RP,13300,P
9640,Araujo,Elvis,PHI,RP,@ SF,1.00,0.27,0.21,0.06,0.01,0.01,0.12,0.22,0.11,0.10,0.31,0.000,0.000,0.01,0.01,0.00,0.00,0.00,0.000,0.81,+1.5 (EVEN) (o/u 7.5) (+195),65 O LF 7-10 0% outdoor,,3000,25,4000,8500,0,0,0,0,0,P,P,RP,P,,,,,RP,14000,P
6722,Brigham,Jake,ATL,RP,@ COL,1.00,0.30,0.24,0.07,0.01,0.04,0.11,0.24,0.16,0.15,0.34,0.000,0.000,0.02,0.01,0.00,0.00,0.00,0.000,0.90,+1.5 (-165) (o/u 10.5) (+114),90 O CF 5-5 0% outdoor,,3000,25,4000,8500,0,0,0,0,4500,P,P,RP,P,,RP,,,RP,13800,P
897,Choate,Randy,STL,RP,@ PIT,1.00,0.24,0.17,0.03,0.00,0.01,0.07,0.19,0.09,0.08,0.26,0.000,0.000,0.01,0.01,0.00,0.00,0.06,0.000,0.72,+1.5 (-140) (o/u 7.0) (+158),75 I RF 3-4 40% outdoor,,4000,25,4000,8500,0,0,0,0,0,P,P,RP,P,,,,,RP,0,P
9490,Tuivailala,Samuel,STL,RP,@ PIT,1.00,0.20,0.12,0.05,0.01,0.01,0.12,0.24,0.08,0.07,0.27,0.000,0.000,0.01,0.01,0.00,0.00,0.00,0.000,0.60,+1.5 (-140) (o/u 7.0) (+158),75 I RF 3-4 40% outdoor,,5400,0,0,8500,0,0,0,0,0,P,,RP,P,,,,,,0,P
3386,Morales,Franklin,KC,RP,TOR,1.00,0.33,0.21,0.08,0.01,0.03,0.13,0.21,0.18,0.17,0.26,0.000,0.000,0.02,0.01,0.00,0.00,0.02,0.000,0.99,-1.5 (+165) (o/u 8.5) (-126),88 O CF 10-10 10% outdoor,,4700,25,4000,8500,0,0,0,0,5100,P,P,RP,P,,RP,,,RP,16100,P
1,Aardsma,David,ATL,RP,@ COL,1.00,0.25,0.15,0.04,0.00,0.04,0.11,0.23,0.15,0.13,0.27,0.000,0.000,0.02,0.01,0.00,0.00,0.00,0.000,0.75,+1.5 (-165) (o/u 10.5) (+114),90 O CF 5-5 0% outdoor,,0,25,4000,8500,0,0,0,0,0,,P,RP,P,,,,,P,13800,P
8414,Graham,J.R.,MIN,RP,DET,1.00,0.25,0.18,0.06,0.01,0.02,0.08,0.20,0.11,0.10,0.27,0.000,0.000,0.01,0.01,0.00,0.00,0.00,0.000,0.75,-1.5 (+145) (o/u 9.0) (-130),83 I RF 8-8 30% outdoor,,4200,25,4000,8500,0,0,0,4500,4500,P,P,RP,P,,RP,,SP,RP,15600,P
556,Breslow,Craig,BOS,RP,NYY,1.00,0.36,0.24,0.08,0.00,0.05,0.17,0.23,0.23,0.21,0.27,0.000,0.000,0.02,0.01,0.00,0.00,0.08,0.000,1.08,-1.5 (+170) (o/u 9.0) (EVEN),91 O RF 6-9 10% outdoor,,4400,25,4000,8500,0,0,0,0,0,P,P,RP,P,,,,,RP,15500,P
10059,O'Rourke,Ryan,MIN,RP,DET,1.00,0.21,0.18,0.03,0.00,0.02,0.07,0.20,0.08,0.08,0.29,0.000,0.000,0.01,0.01,0.00,0.00,0.00,0.000,0.63,-1.5 (+145) (o/u 9.0) (-130),83 I RF 8-8 30% outdoor,,3000,25,4000,8500,0,0,0,0,0,P,P,RP,P,,,,,,15600,P
7613,Adams,Austin,CLE,RP,OAK,1.00,0.24,0.16,0.05,0.01,0.02,0.09,0.16,0.11,0.10,0.25,0.000,0.000,0.01,0.01,0.00,0.00,0.00,0.000,0.72,-1.5 (+165) (o/u 6.5) (-133),74 O LF 5-10 60% outdoor,,4600,25,4000,8500,0,0,0,0,0,P,P,RP,P,,,,,RP,16900,P
788,Hernandez,Roberto,HOU,SP,@ TB,1.00,0.33,0.19,0.09,0.02,0.04,0.12,0.17,0.19,0.18,0.28,0.000,0.000,0.02,0.01,0.00,0.00,0.00,0.000,0.99,-1.5 (+125) (o/u 7.0) (-131),dome ,,5500,25,4600,8500,0,0,0,6600,4900,P,P,SP,P,,RP,,SP,RP,15600,P
5971,Flande,Yohan,COL,RP,ATL,1.00,0.30,0.25,0.07,0.01,0.02,0.10,0.15,0.14,0.13,0.33,0.000,0.000,0.02,0.01,0.00,0.00,0.00,0.000,0.90,-1.5 (+145) (o/u 10.5) (-124),90 O CF 5-5 0% outdoor,,4100,25,4000,8500,0,0,0,0,0,P,P,RP,P,,,,,RP,13300,P
7667,Ross,Robbie,BOS,RP,NYY,1.00,0.27,0.21,0.06,0.01,0.03,0.12,0.18,0.15,0.14,0.29,0.000,0.000,0.01,0.01,0.00,0.00,0.00,0.000,0.81,-1.5 (+170) (o/u 9.0) (EVEN),91 O RF 6-9 10% outdoor,,4400,25,4000,8500,0,0,0,0,0,P,P,RP,P,,,,,RP,15500,P
4921,Thatcher,Joe,HOU,RP,@ TB,1.00,0.15,0.11,0.02,0.00,0.01,0.05,0.16,0.05,0.05,0.27,0.000,0.000,0.01,0.01,0.00,0.00,0.00,0.000,0.45,-1.5 (+125) (o/u 7.0) (-131),dome ,,4100,25,4000,8500,0,0,0,0,0,P,P,RP,P,,,,,RP,15600,P
5638,Mattheus,Ryan,CIN,RP,@ MIA,1.00,0.20,0.17,0.04,0.00,0.01,0.07,0.11,0.08,0.08,0.33,0.000,0.000,0.01,0.01,0.00,0.00,0.00,0.000,0.60,-1.5 (EVEN) (o/u 6.5) (-160),90 I CF 2-9 20%  retractable,,4000,25,4000,8500,0,0,0,0,0,P,P,RP,P,,,,,RP,16200,P
321,Beimel,Joe,SEA,RP,LAA,1.00,0.20,0.12,0.03,0.00,0.03,0.07,0.12,0.13,0.12,0.25,0.000,0.000,0.01,0.01,0.00,0.00,0.00,0.000,0.60,-1.5 (+190) (o/u 7.0) (+102),68 O CF 6-6 50%  retractable,,5000,25,4000,8500,0,0,0,0,0,P,P,RP,P,,,,,RP,16200,P
3089,Masterson,Justin,BOS,SP,NYY,1.00,0.00,0.00,0.00,0.00,0.00,0.00,0.00,0.00,0.00,0.00,0.000,0.000,0.00,0.00,0.00,0.00,0.00,0.000,0.00,-1.5 (+170) (o/u 9.0) (EVEN),91 O RF 6-9 10% outdoor,,6500,25,6400,8500,0,70000,0,8800,5500,P,P,SP,P,,SP,,SP,RP,15500,P
