"Position","Name","Salary","GameInfo","AvgPointsPerGame"
"SP","Max Scherzer",13500,"Was@Bal 01:35PM ET",29.247
"SP","Clayton Kershaw",12400,"Mil@LAD 04:10PM ET",26.097
"SP","Corey Kluber",11400,"Oak@Cle 01:10PM ET",22.872
"SP","Felix Hernandez",11000,"LAA@Sea 04:10PM ET",21.700
"SP","Johnny Cueto",10900,"Cin@Mia 01:10PM ET",23.647
"SP","Chris Sale",10700,"CWS@ChC 02:20PM ET",27.929
"SP","David Price",10400,"Det@Min 02:10PM ET",22.525
"SP","Stephen Strasburg",10200,"Was@Bal 01:35PM ET",12.065
"SP","Jake Arrieta",10000,"CWS@ChC 02:20PM ET",22.347
"SP","Cole Hamels",9900,"Phi@SF 04:05PM ET",19.206
"SP","Matt Harvey",9900,"Ari@NYM 01:10PM ET",20.594
"SP","Madison Bumgarner",9800,"Phi@SF 04:05PM ET",20.969
"SP","Francisco Liriano",9700,"StL@Pit 08:05PM ET",21.362
"SP","Masahiro Tanaka",9700,"NYY@Bos 01:35PM ET",19.032
"SP","Jon Lester",9500,"CWS@ChC 02:20PM ET",17.203
"SP","Adam Wainwright",9400,"StL@Pit 08:05PM ET",19.163
"SP","Zack Greinke",9400,"Mil@LAD 04:10PM ET",23.433
"SP","Sonny Gray",9400,"Oak@Cle 01:10PM ET",21.835
"SP","Jose Fernandez",9400,"Cin@Mia 01:10PM ET",26.725
"SP","Garrett Richards",9300,"LAA@Sea 04:10PM ET",16.094
"SP","Jeff Samardzija",9100,"CWS@ChC 02:20PM ET",17.056
"SP","James Shields",8900,"SD@Tex 03:05PM ET",16.105
"SP","Jordan Zimmermann",8900,"Was@Bal 01:35PM ET",15.525
"SP","Julio Teheran",8800,"Atl@Col 04:10PM ET",13.228
"SP","Hisashi Iwakuma",8800,"LAA@Sea 04:10PM ET",10.880
"SP","Gio Gonzalez",8700,"Was@Bal 01:35PM ET",14.688
"SP","Carlos Carrasco",8500,"Oak@Cle 01:10PM ET",19.614
"SP","Lance Lynn",8500,"StL@Pit 08:05PM ET",18.103
"SP","Mike Fiers",8500,"Mil@LAD 04:10PM ET",14.700
"SP","Drew Smyly",8500,"Hou@TB 01:10PM ET",20.567
"SP","CC Sabathia",8300,"NYY@Bos 01:35PM ET",11.991
"SP","Homer Bailey",8300,"Cin@Mia 01:10PM ET",2.750
"SP","Gerrit Cole",8300,"StL@Pit 08:05PM ET",21.358
"SP","Jacob deGrom",8300,"Ari@NYM 01:10PM ET",23.385
"SP","Justin Verlander",8200,"Det@Min 02:10PM ET",8.370
"SP","Phil Hughes",8100,"Det@Min 02:10PM ET",13.156
"SP","Jose Quintana",8100,"CWS@ChC 02:20PM ET",15.712
"SP","Anibal Sanchez",8000,"Det@Min 02:10PM ET",17.189
"SP","Ian Kennedy",8000,"SD@Tex 03:05PM ET",12.222
"SP","Tyson Ross",7900,"SD@Tex 03:05PM ET",16.931
"SP","A.J. Burnett",7800,"StL@Pit 08:05PM ET",19.472
"SP","R.A. Dickey",7800,"Tor@KC 02:10PM ET",10.561
"SP","Brandon McCarthy",7800,"Mil@LAD 04:10PM ET",18.738
"SP","Mat Latos",7800,"Cin@Mia 01:10PM ET",12.393
"SP","Andrew Cashner",7800,"SD@Tex 03:05PM ET",11.424
"SP","Taijuan Walker",7800,"LAA@Sea 04:10PM ET",15.153
"SP","Michael Wacha",7800,"StL@Pit 08:05PM ET",18.288
"SP","John Lackey",7700,"StL@Pit 08:05PM ET",16.683
"SP","Danny Salazar",7700,"Oak@Cle 01:10PM ET",20.825
"RP","A.J. Cole",7700,"Was@Bal 01:35PM ET",6.000
"RP","Kevin Gausman",7700,"Was@Bal 01:35PM ET",5.686
"SP","Lance McCullers",7700,"Hou@TB 01:10PM ET",20.295
"SP","Jake Peavy",7600,"Phi@SF 04:05PM ET",9.663
"RP","Yusmeiro Petit",7600,"Phi@SF 04:05PM ET",3.976
"SP","Chris Archer",7600,"Hou@TB 01:10PM ET",23.871
"SP","Wei-Yin Chen",7600,"Was@Bal 01:35PM ET",17.406
"SP","Matt Shoemaker",7600,"LAA@Sea 04:10PM ET",12.319
"SP","Yordano Ventura",7600,"Tor@KC 02:10PM ET",12.396
"SP","Matt Cain",7500,"Phi@SF 04:05PM ET",13.875
"SP","Jered Weaver",7500,"LAA@Sea 04:10PM ET",10.753
"SP","Steven Matz",7500,"Ari@NYM 01:10PM ET",27.475
"SP","Andrew Heaney",7500,"LAA@Sea 04:10PM ET",23.183
"SP","Brett Anderson",7400,"Mil@LAD 04:10PM ET",14.550
"SP","Bud Norris",7400,"Was@Bal 01:35PM ET",5.946
"SP","Michael Pineda",7400,"NYY@Bos 01:35PM ET",19.750
"SP","Collin McHugh",7400,"Hou@TB 01:10PM ET",14.994
"SP","Jonathon Niese",7300,"Ari@NYM 01:10PM ET",12.919
"SP","C.J. Wilson",7200,"LAA@Sea 04:10PM ET",16.475
"SP","Scott Kazmir",7200,"Oak@Cle 01:10PM ET",18.494
"SP","Wily Peralta",7200,"Mil@LAD 04:10PM ET",11.122
"SP","Derek Holland",7200,"SD@Tex 03:05PM ET",-0.950
"SP","Danny Duffy",7200,"Tor@KC 02:10PM ET",9.175
"SP","Jake Odorizzi",7200,"Hou@TB 01:10PM ET",19.096
"SP","Drew Hutchison",7200,"Tor@KC 02:10PM ET",12.906
"SP","Rubby De La Rosa",7200,"Ari@NYM 01:10PM ET",15.282
"SP","Jason Hammel",7100,"CWS@ChC 02:20PM ET",19.768
"SP","Yovani Gallardo",7100,"SD@Tex 03:05PM ET",15.603
"SP","Chris Tillman",7100,"Was@Bal 01:35PM ET",9.724
"SP","Trevor Bauer",7100,"Oak@Cle 01:10PM ET",17.056
"SP","Ervin Santana",7000,"Det@Min 02:10PM ET",13.400
"SP","Matt Garza",7000,"Mil@LAD 04:10PM ET",9.432
"SP","Jaime Garcia",7000,"StL@Pit 08:05PM ET",20.114
"SP","Matt Moore",7000,"Hou@TB 01:10PM ET",0.825
"SP","Brandon Beachy",7000,"Mil@LAD 04:10PM ET",2.200
"SP","Shelby Miller",7000,"Atl@Col 04:10PM ET",18.631
"RP","Rafael Montero",7000,"Ari@NYM 01:10PM ET",6.020
"SP","Jorge De La Rosa",6900,"Atl@Col 04:10PM ET",14.464
"SP","Clay Buchholz",6900,"NYY@Bos 01:35PM ET",18.461
"SP","Tim Lincecum",6900,"Phi@SF 04:05PM ET",11.334
"SP","James Paxton",6900,"LAA@Sea 04:10PM ET",13.965
"SP","Dallas Keuchel",6900,"Hou@TB 01:10PM ET",23.300
"SP","Noah Syndergaard",6900,"Ari@NYM 01:10PM ET",19.855
"SP","Kyle Hendricks",6900,"CWS@ChC 02:20PM ET",14.950
"SP","Alex Wood",6900,"Atl@Col 04:10PM ET",13.909
"SP","Bartolo Colon",6800,"Ari@NYM 01:10PM ET",15.074
"SP","Edinson Volquez",6800,"Tor@KC 02:10PM ET",15.541
"SP","Mike Leake",6800,"Cin@Mia 01:10PM ET",11.459
"SP","Ivan Nova",6800,"NYY@Bos 01:35PM ET",11.013
"SP","Carlos Martinez",6800,"StL@Pit 08:05PM ET",20.394
"SP","Henry Owens",6800,"NYY@Bos 01:35PM ET",0
"SP","Roenis Elias",6800,"LAA@Sea 04:10PM ET",14.131
"SP","Colby Lewis",6700,"SD@Tex 03:05PM ET",13.161
"SP","Dillon Gee",6700,"Ari@NYM 01:10PM ET",5.881
"SP","Rick Porcello",6700,"NYY@Bos 01:35PM ET",10.771
"RP","Liam Hendriks",6700,"Tor@KC 02:10PM ET",3.824
"SP","Kyle Gibson",6700,"Det@Min 02:10PM ET",15.200
"SP","Dallas Beeler",6700,"CWS@ChC 02:20PM ET",15.650
"SP","Dan Haren",6600,"Cin@Mia 01:10PM ET",14.736
"SP","Tsuyoshi Wada",6600,"CWS@ChC 02:20PM ET",12.271
"SP","J.A. Happ",6500,"LAA@Sea 04:10PM ET",12.556
"SP","Jason Vargas",6500,"Tor@KC 02:10PM ET",11.444
"RP","Tanner Roark",6500,"Was@Bal 01:35PM ET",4.848
"SP","Allen Webster",6500,"Ari@NYM 01:10PM ET",5.238
"SP","Chris Heston",6500,"Phi@SF 04:05PM ET",16.538
"SP","Jimmy Nelson",6500,"Mil@LAD 04:10PM ET",14.214
"SP","Tim Hudson",6400,"Phi@SF 04:05PM ET",10.037
"SP","Justin Masterson",6400,"NYY@Bos 01:35PM ET",6.925
"SP","Wade Miley",6400,"NYY@Bos 01:35PM ET",12.353
"SP","Matt Wisler",6300,"Atl@Col 04:10PM ET",15.170
"SP","Mark Buehrle",6200,"Tor@KC 02:10PM ET",15.094
"SP","Charlie Morton",6200,"StL@Pit 08:05PM ET",12.267
"SP","Ubaldo Jimenez",6200,"Was@Bal 01:35PM ET",18.124
"SP","Jesse Chavez",6200,"Oak@Cle 01:10PM ET",13.689
"SP","Miguel Gonzalez",6200,"Was@Bal 01:35PM ET",13.638
"SP","Brandon Morrow",6200,"SD@Tex 03:05PM ET",17.330
"SP","Doug Fister",6200,"Was@Bal 01:35PM ET",7.571
"SP","Henderson Alvarez",6200,"Cin@Mia 01:10PM ET",3.813
"SP","Aaron Harang",6100,"Phi@SF 04:05PM ET",13.112
"SP","Travis Wood",6100,"CWS@ChC 02:20PM ET",6.153
"SP","Vance Worley",6100,"StL@Pit 08:05PM ET",7.284
"SP","Anthony DeSclafani",6100,"Cin@Mia 01:10PM ET",13.485
"SP","Patrick Corbin",6100,"Ari@NYM 01:10PM ET",11.350
"SP","Mike Bolsinger",6100,"Mil@LAD 04:10PM ET",16.388
"SP","Jarred Cosart",6100,"Cin@Mia 01:10PM ET",8.022
"SP","Marco Gonzales",6100,"StL@Pit 08:05PM ET",0
"RP","Chris Bassitt",6100,"Oak@Cle 01:10PM ET",6.931
"SP","Hector Santiago",6000,"LAA@Sea 04:10PM ET",18.519
"SP","Drew Pomeranz",6000,"Oak@Cle 01:10PM ET",5.478
"SP","Alex Meyer",6000,"Det@Min 02:10PM ET",-1.100
"SP","Odrisamer Despaigne",6000,"SD@Tex 03:05PM ET",7.933
"SP","Ricky Nolasco",5900,"Det@Min 02:10PM ET",10.929
"SP","Jeremy Hellickson",5900,"Ari@NYM 01:10PM ET",12.494
"SP","Josh Collmenter",5900,"Ari@NYM 01:10PM ET",6.514
"SP","Nathan Eovaldi",5900,"NYY@Bos 01:35PM ET",11.579
"SP","TJ House",5900,"Oak@Cle 01:10PM ET",-3.938
"SP","Tom Koehler",5900,"Cin@Mia 01:10PM ET",13.924
"SP","Dan Straily",5900,"Hou@TB 01:10PM ET",12.500
"SP","Mike Foltynewicz",5900,"Atl@Col 04:10PM ET",10.083
"SP","Nick Tropeano",5900,"LAA@Sea 04:10PM ET",23.900
"SP","Ryan Vogelsong",5800,"Phi@SF 04:05PM ET",11.603
"SP","Kyle Lohse",5800,"Mil@LAD 04:10PM ET",7.534
"SP","Marco Estrada",5800,"Tor@KC 02:10PM ET",11.934
"SP","Jeff Locke",5800,"StL@Pit 08:05PM ET",12.671
"SP","Trevor May",5800,"Det@Min 02:10PM ET",12.132
"SP","Alex Colome",5800,"Hou@TB 01:10PM ET",8.303
"RP","Vidal Nuno",5800,"LAA@Sea 04:10PM ET",6.318
"SP","Jesse Hahn",5800,"Oak@Cle 01:10PM ET",14.369
"SP","Drew Rucinski",5800,"LAA@Sea 04:10PM ET",-0.650
"SP","Scott Feldman",5700,"Hou@TB 01:10PM ET",11.180
"SP","Joe Wieland",5700,"Mil@LAD 04:10PM ET",-3.500
"RP","Daniel Hudson",5700,"Ari@NYM 01:10PM ET",3.330
"SP","Archie Bradley",5700,"Ari@NYM 01:10PM ET",6.531
"SP","Daniel Norris",5700,"Tor@KC 02:10PM ET",10.060
"SP","Jeremy Guthrie",5600,"Tor@KC 02:10PM ET",8.297
"SP","Eric Stults",5600,"Mil@LAD 04:10PM ET",8.294
"SP","Nathan Karns",5600,"Hou@TB 01:10PM ET",15.756
"SP","Hector Noesi",5600,"CWS@ChC 02:20PM ET",3.210
"3B","Josh Donaldson",5600,"Tor@KC 02:10PM ET",9.393
"SP","Brad Peacock",5600,"Hou@TB 01:10PM ET",6.450
"SP","Brett Oberholtzer",5600,"Hou@TB 01:10PM ET",9.131
"SP","Tyler Matzek",5600,"Atl@Col 04:10PM ET",6.950
"SP","John Danks",5500,"CWS@ChC 02:20PM ET",10.316
"SP","Jordan Lyles",5500,"Atl@Col 04:10PM ET",6.968
"SP","Kyle Lobstein",5500,"Det@Min 02:10PM ET",8.981
"OF","Bryce Harper",5500,"Was@Bal 01:35PM ET",10.963
"SP","Aaron Sanchez",5500,"Tor@KC 02:10PM ET",12.936
"SP","Raisel Iglesias",5500,"Cin@Mia 01:10PM ET",8.236
"OF","Jose Bautista",5400,"Tor@KC 02:10PM ET",8.904
"SP","Edwin Jackson",5400,"CWS@ChC 02:20PM ET",3.302
"SP","Wandy Rodriguez",5400,"SD@Tex 03:05PM ET",13.200
"SP","Tommy Milone",5400,"Det@Min 02:10PM ET",15.291
"SP","Chase Anderson",5400,"Ari@NYM 01:10PM ET",12.153
"RP","Matt Barnes",5400,"NYY@Bos 01:35PM ET",2.498
"SP","Eduardo Rodriguez",5400,"NYY@Bos 01:35PM ET",16.811
"SP","Carlos Rodon",5400,"CWS@ChC 02:20PM ET",12.604
"1B/3B","Miguel Cabrera",5300,"Det@Min 02:10PM ET",9.610
"1B","Freddie Freeman",5300,"Atl@Col 04:10PM ET",8.924
"OF","Mike Trout",5300,"LAA@Sea 04:10PM ET",10.333
"SP","Tyler Lyons",5300,"StL@Pit 08:05PM ET",12.383
"SP","Jon Gray",5300,"Atl@Col 04:10PM ET",0
"SP","Chad Billingsley",5200,"Phi@SF 04:05PM ET",3.710
"OF","Andrew McCutchen",5200,"StL@Pit 08:05PM ET",8.882
"SP","Sean O'Sullivan",5200,"Phi@SF 04:05PM ET",5.058
"SP","Trevor Cahill",5200,"Mil@LAD 04:10PM ET",0.963
"SP","John Lamb",5200,"Tor@KC 02:10PM ET",0
"SP","Joe Kelly",5200,"NYY@Bos 01:35PM ET",9.586
"SP","Justin Nicolino",5200,"Cin@Mia 01:10PM ET",9.175
"SP","Aaron Nola",5200,"Phi@SF 04:05PM ET",0
"SP","Alfredo Simon",5100,"Det@Min 02:10PM ET",12.818
"RP","Ross Ohlendorf",5100,"SD@Tex 03:05PM ET",3.331
"OF","Cameron Maybin",5100,"Atl@Col 04:10PM ET",7.759
"SP","David Buchanan",5100,"Phi@SF 04:05PM ET",2.092
"1B","Paul Goldschmidt",5100,"Ari@NYM 01:10PM ET",11.244
"OF","J.D. Martinez",5100,"Det@Min 02:10PM ET",9.235
"SP","Erasmo Ramirez",5100,"Hou@TB 01:10PM ET",11.015
"SP","Nick Martinez",5100,"SD@Tex 03:05PM ET",11.953
"SP","Kendall Graveman",5100,"Oak@Cle 01:10PM ET",13.021
"SP","Anthony Ranaudo",5000,"SD@Tex 03:05PM ET",4.983
"SP","Cody Anderson",5000,"Oak@Cle 01:10PM ET",20.688
"SP","Blake Treinen",5000,"Was@Bal 01:35PM ET",3.874
"RP","Casey Sadler",5000,"StL@Pit 08:05PM ET",18.250
"SP","Joe Ross",5000,"Was@Bal 01:35PM ET",18.788
"OF","Lorenzo Cain",4900,"Tor@KC 02:10PM ET",9.333
"OF","Brett Gardner",4900,"NYY@Bos 01:35PM ET",9.457
"RP","Bryan Mitchell",4900,"NYY@Bos 01:35PM ET",4.400
"SP","Matt Harrison",4800,"SD@Tex 03:05PM ET",-6.400
"SP","Felix Doubront",4800,"Tor@KC 02:10PM ET",13.825
"SP","Taylor Jungmann",4800,"Mil@LAD 04:10PM ET",19.629
"OF","Starling Marte",4800,"StL@Pit 08:05PM ET",8.383
"OF","Yoenis Cespedes",4800,"Det@Min 02:10PM ET",8.126
"SP","Jerome Williams",4700,"Phi@SF 04:05PM ET",5.550
"3B","David Wright",4700,"Ari@NYM 01:10PM ET",8.500
"OF/SS","Hanley Ramirez",4700,"NYY@Bos 01:35PM ET",8.145
"SP","Kevin Correia",4700,"Phi@SF 04:05PM ET",3.900
"OF","Adam Jones",4700,"Was@Bal 01:35PM ET",7.855
"OF","Carlos Gomez",4700,"Mil@LAD 04:10PM ET",8.387
"OF","Jacoby Ellsbury",4700,"NYY@Bos 01:35PM ET",9.073
"OF","Giancarlo Stanton",4700,"Cin@Mia 01:10PM ET",10.216
"1B","Anthony Rizzo",4700,"CWS@ChC 02:20PM ET",9.576
"1B","Jose Abreu",4700,"CWS@ChC 02:20PM ET",8.222
"2B","Brian Dozier",4700,"Det@Min 02:10PM ET",9.402
"RP","Andrew Bellatti",4700,"Hou@TB 01:10PM ET",8.800
"RP","Christian Bergman",4700,"Atl@Col 04:10PM ET",3.758
"OF","Mookie Betts",4700,"NYY@Bos 01:35PM ET",8.459
"SP","Jason Marquis",4600,"Cin@Mia 01:10PM ET",7.710
"1B","Mark Teixeira",4600,"NYY@Bos 01:35PM ET",8.630
"OF","Nelson Cruz",4600,"LAA@Sea 04:10PM ET",8.709
"SP","Roberto Hernandez",4600,"Hou@TB 01:10PM ET",6.950
"OF","Ryan Braun",4600,"Mil@LAD 04:10PM ET",8.726
"RP","Tyler Cravy",4600,"Mil@LAD 04:10PM ET",9.450
"SP","Zach Lee",4600,"Mil@LAD 04:10PM ET",0
"SP","Tim Cooney",4600,"StL@Pit 08:05PM ET",10.450
"SP","Chi Chi Gonzalez",4600,"SD@Tex 03:05PM ET",10.129
"SP","Chris Young",4500,"Tor@KC 02:10PM ET",11.808
"SP","Ross Detwiler",4500,"SD@Tex 03:05PM ET",1.985
"1B/3B","Todd Frazier",4500,"Cin@Mia 01:10PM ET",9.821
"OF","Charlie Blackmon",4500,"Atl@Col 04:10PM ET",8.930
"SP","Carlos Frias",4500,"Mil@LAD 04:10PM ET",8.725
"SP","Steve Geltz",4500,"Hou@TB 01:10PM ET",3.225
"OF","Wil Myers",4500,"SD@Tex 03:05PM ET",8.722
"SP","Adam Warren",4500,"NYY@Bos 01:35PM ET",10.776
"SP","Tyler Wilson",4500,"Was@Bal 01:35PM ET",5.810
"SP","Robbie Ray",4500,"Ari@NYM 01:10PM ET",18.163
"3B","Kris Bryant",4500,"CWS@ChC 02:20PM ET",8.844
"SP","Adam Morgan",4500,"Phi@SF 04:05PM ET",11.900
"SP","Matt Andriese",4500,"Hou@TB 01:10PM ET",9.554
"SP","Mike Wright",4500,"Was@Bal 01:35PM ET",8.625
"SS","Jose Reyes",4400,"Tor@KC 02:10PM ET",8.220
"1B","Prince Fielder",4400,"SD@Tex 03:05PM ET",8.776
"1B","Joey Votto",4400,"Cin@Mia 01:10PM ET",8.405
"OF","Denard Span",4400,"Was@Bal 01:35PM ET",8.262
"SP","Shaun Marcum",4400,"Oak@Cle 01:10PM ET",11.764
"2B","Ian Kinsler",4400,"Det@Min 02:10PM ET",7.233
"OF","Hunter Pence",4400,"Phi@SF 04:05PM ET",8.682
"2B","Dustin Pedroia",4400,"NYY@Bos 01:35PM ET",7.884
"SS","Troy Tulowitzki",4400,"Atl@Col 04:10PM ET",7.564
"RP","Yohan Pino",4400,"Tor@KC 02:10PM ET",5.700
"2B","Jason Kipnis",4400,"Oak@Cle 01:10PM ET",9.209
"RP","Manny Banuelos",4400,"Atl@Col 04:10PM ET",13.067
"OF","Corey Dickerson",4400,"Atl@Col 04:10PM ET",6.500
"SP","Vincent Velasquez",4400,"Hou@TB 01:10PM ET",13.467
"SS","Andrelton Simmons",4400,"Atl@Col 04:10PM ET",5.859
"SP","Michael Lorenzen",4400,"Cin@Mia 01:10PM ET",8.094
"SP","Matt Boyd",4400,"Tor@KC 02:10PM ET",-1.300
"3B","Alex Rodriguez",4300,"NYY@Bos 01:35PM ET",8.617
"1B","David Ortiz",4300,"NYY@Bos 01:35PM ET",7.188
"1B","Victor Martinez",4300,"Det@Min 02:10PM ET",6.764
"1B","Edwin Encarnacion",4300,"Tor@KC 02:10PM ET",7.786
"2B","Robinson Cano",4300,"LAA@Sea 04:10PM ET",6.070
"OF","Matt Kemp",4300,"SD@Tex 03:05PM ET",7.034
"OF","Carlos Gonzalez",4300,"Atl@Col 04:10PM ET",6.817
"1B","Adam Lind",4300,"Mil@LAD 04:10PM ET",7.798
"OF","Jay Bruce",4300,"Cin@Mia 01:10PM ET",7.518
"OF","Michael Brantley",4300,"Oak@Cle 01:10PM ET",7.962
"OF","Alex Gordon",4300,"Tor@KC 02:10PM ET",7.179
"OF","Justin Upton",4300,"SD@Tex 03:05PM ET",8.186
"3B","Evan Longoria",4300,"Hou@TB 01:10PM ET",6.854
"RP","Taylor Jordan",4300,"Was@Bal 01:35PM ET",4.767
"1B","Eric Hosmer",4300,"Tor@KC 02:10PM ET",7.585
"SP","David Phelps",4300,"Cin@Mia 01:10PM ET",10.617
"3B","Nolan Arenado",4300,"Atl@Col 04:10PM ET",9.188
"SP","Shane Greene",4300,"Det@Min 02:10PM ET",8.385
"SP","Eddie Butler",4300,"Atl@Col 04:10PM ET",6.814
"1B","Albert Pujols",4200,"LAA@Sea 04:10PM ET",8.726
"SP","Kyle Kendrick",4200,"Atl@Col 04:10PM ET",6.786
"OF","Steven Souza Jr.",4200,"Hou@TB 01:10PM ET",7.051
"SP","Chad Bettis",4200,"Atl@Col 04:10PM ET",12.605
"1B/C","Buster Posey",4200,"Phi@SF 04:05PM ET",8.329
"2B","Dee Gordon",4200,"Cin@Mia 01:10PM ET",8.667
"3B/OF","Josh Harrison",4200,"StL@Pit 08:05PM ET",6.853
"OF","A.J. Pollock",4200,"Ari@NYM 01:10PM ET",8.941
"OF","Billy Hamilton",4200,"Cin@Mia 01:10PM ET",7.805
"SP","Asher Wojciechowski",4200,"Hou@TB 01:10PM ET",6.000
"SP","Kyle Ryan",4200,"Det@Min 02:10PM ET",5.006
"3B/SS","Xander Bogaerts",4200,"NYY@Bos 01:35PM ET",6.762
"SP","Jon Moscot",4200,"Cin@Mia 01:10PM ET",6.883
"SP","Severino Gonzalez",4200,"Phi@SF 04:05PM ET",7.143
"SS","Jose Peraza",4200,"Atl@Col 04:10PM ET",0
"SP","Jose Berrios",4200,"Det@Min 02:10PM ET",0
"OF","Carlos Beltran",4100,"NYY@Bos 01:35PM ET",6.318
"1B/OF","Michael Cuddyer",4100,"Ari@NYM 01:10PM ET",5.821
"1B","Justin Morneau",4100,"Atl@Col 04:10PM ET",6.222
"1B","Mike Napoli",4100,"NYY@Bos 01:35PM ET",5.797
"2B","Howie Kendrick",4100,"Mil@LAD 04:10PM ET",7.179
"OF","Matt Holliday",4100,"StL@Pit 08:05PM ET",7.208
"SS","Alcides Escobar",4100,"Tor@KC 02:10PM ET",7.105
"2B","Neil Walker",4100,"StL@Pit 08:05PM ET",7.228
"1B","Chris Davis",4100,"Was@Bal 01:35PM ET",7.570
"C","Travis d'Arnaud",4100,"Ari@NYM 01:10PM ET",8.842
"SP","Brad Hand",4100,"Cin@Mia 01:10PM ET",2.752
"2B","Jose Altuve",4100,"Hou@TB 01:10PM ET",8.378
"SP","Chris Beck",4100,"CWS@ChC 02:20PM ET",3.100
"OF","George Springer",4100,"Hou@TB 01:10PM ET",8.480
"OF","Kole Calhoun",4100,"LAA@Sea 04:10PM ET",7.250
"3B","Manny Machado",4100,"Was@Bal 01:35PM ET",9.356
"RP","LaTroy Hawkins",4000,"Atl@Col 04:10PM ET",2.748
"OF","Torii Hunter",4000,"Det@Min 02:10PM ET",7.413
"SP","Bruce Chen",4000,"Oak@Cle 01:10PM ET",-3.275
"RP","Jason Grilli",4000,"Atl@Col 04:10PM ET",3.693
"RP","Randy Choate",4000,"StL@Pit 08:05PM ET",0.928
"RP","Joe Beimel",4000,"LAA@Sea 04:10PM ET",2.082
"RP","Joaquin Benoit",4000,"SD@Tex 03:05PM ET",3.496
"RP","Rafael Betancourt",4000,"Atl@Col 04:10PM ET",2.143
"OF","Jayson Werth",4000,"Was@Bal 01:35PM ET",6.185
"RP","Fernando Rodney",4000,"LAA@Sea 04:10PM ET",1.865
"RP","Oliver Perez",4000,"Ari@NYM 01:10PM ET",1.885
"RP","Francisco Rodriguez",4000,"Mil@LAD 04:10PM ET",3.725
"1B","Joe Mauer",4000,"Det@Min 02:10PM ET",6.690
"RP","Ryan Madson",4000,"Tor@KC 02:10PM ET",3.192
"RP","Javier Lopez",4000,"Phi@SF 04:05PM ET",1.470
"SP","Chris Capuano",4000,"NYY@Bos 01:35PM ET",4.781
"RP","Blaine Boyer",4000,"Det@Min 02:10PM ET",1.855
"RP","Joel Peralta",4000,"Mil@LAD 04:10PM ET",2.307
"RP","Dustin McGowan",4000,"Phi@SF 04:05PM ET",2.364
"OF","Shin-soo Choo",4000,"SD@Tex 03:05PM ET",6.861
"RP","Chad Qualls",4000,"Hou@TB 01:10PM ET",1.973
"RP","Neal Cotts",4000,"Mil@LAD 04:10PM ET",2.933
"RP","Santiago Casilla",4000,"Phi@SF 04:05PM ET",2.618
"RP","Jim Johnson",4000,"Atl@Col 04:10PM ET",2.599
"RP","Craig Breslow",4000,"NYY@Bos 01:35PM ET",2.332
"SP","Joe Blanton",4000,"Tor@KC 02:10PM ET",7.125
"RP","Kevin Jepsen",4000,"Hou@TB 01:10PM ET",2.155
"RP","Zach Duke",4000,"CWS@ChC 02:20PM ET",2.732
"C","Brian McCann",4000,"NYY@Bos 01:35PM ET",7.606
"RP","Manny Parra",4000,"Cin@Mia 01:10PM ET",1.711
"RP","Jonathan Broxton",4000,"Mil@LAD 04:10PM ET",1.846
"RP","Jean Machi",4000,"Phi@SF 04:05PM ET",1.770
"RP","Pat Neshek",4000,"Hou@TB 01:10PM ET",2.880
"RP","Carlos Villanueva",4000,"StL@Pit 08:05PM ET",5.479
"RP","Joakim Soria",4000,"Det@Min 02:10PM ET",2.735
"RP","Dale Thayer",4000,"SD@Tex 03:05PM ET",2.173
"RP","Chin-hui Tsao",4000,"Mil@LAD 04:10PM ET",7.175
"RP","Jason Motte",4000,"CWS@ChC 02:20PM ET",2.470
"RP","Jonathan Papelbon",4000,"Phi@SF 04:05PM ET",3.611
"RP","Brad Ziegler",4000,"Ari@NYM 01:10PM ET",2.536
"RP","David Aardsma",4000,"Atl@Col 04:10PM ET",2.636
"RP","Scott Baker",4000,"Mil@LAD 04:10PM ET",9.175
"RP","Matt Thornton",4000,"Was@Bal 01:35PM ET",1.694
"RP","Eric O'Flaherty",4000,"Oak@Cle 01:10PM ET",0.963
"RP","Tyler Clippard",4000,"Oak@Cle 01:10PM ET",3.201
"RP","Pedro Strop",4000,"CWS@ChC 02:20PM ET",3.000
"RP","Edward Mujica",4000,"Oak@Cle 01:10PM ET",2.567
"RP","Boone Logan",4000,"Atl@Col 04:10PM ET",1.922
"RP","Alexi Ogando",4000,"NYY@Bos 01:35PM ET",2.831
"SP","Aaron Laffey",4000,"Atl@Col 04:10PM ET",-0.350
"RP","Fernando Rodriguez",4000,"Oak@Cle 01:10PM ET",3.327
"RP","Jake McGee",4000,"Hou@TB 01:10PM ET",4.183
"RP","Carlos Torres",4000,"Ari@NYM 01:10PM ET",2.012
"RP","Casey Janssen",4000,"Was@Bal 01:35PM ET",1.553
"RP","Ryan Webb",4000,"Oak@Cle 01:10PM ET",3.253
"RP","Mark Lowe",4000,"LAA@Sea 04:10PM ET",3.903
"RP","Ryan Mattheus",4000,"Cin@Mia 01:10PM ET",1.838
"RP","Glen Perkins",4000,"Det@Min 02:10PM ET",3.353
"RP","Wade Davis",4000,"Tor@KC 02:10PM ET",4.324
"RP","Franklin Morales",4000,"Tor@KC 02:10PM ET",2.574
"RP","J.P. Howell",4000,"Mil@LAD 04:10PM ET",2.799
"RP","Samuel Deduno",4000,"Hou@TB 01:10PM ET",3.072
"RP","Huston Street",4000,"LAA@Sea 04:10PM ET",3.613
"RP","Tony Sipp",4000,"Hou@TB 01:10PM ET",2.915
"RP","Steve Delabar",4000,"Tor@KC 02:10PM ET",3.435
"1B","Kendrys Morales",4000,"Tor@KC 02:10PM ET",7.459
"RP","Xavier Cedeno",4000,"Hou@TB 01:10PM ET",1.474
"RP","Mike Dunn",4000,"Cin@Mia 01:10PM ET",2.081
"RP","Cesar Ramos",4000,"LAA@Sea 04:10PM ET",2.103
"SP","Clayton Richard",4000,"CWS@ChC 02:20PM ET",5.800
"RP","Bobby Parnell",4000,"Ari@NYM 01:10PM ET",2.825
"RP","Burke Badenhop",4000,"Cin@Mia 01:10PM ET",1.314
"RP","Sergio Romo",4000,"Phi@SF 04:05PM ET",2.132
"RP","Brian Duensing",4000,"Det@Min 02:10PM ET",1.305
"RP","Chaz Roe",4000,"Was@Bal 01:35PM ET",4.708
"SS","Jed Lowrie",4000,"Hou@TB 01:10PM ET",9.167
"RP","Todd Redmond",4000,"Tor@KC 02:10PM ET",3.000
"RP","David Hernandez",4000,"Ari@NYM 01:10PM ET",1.014
"RP","Kenley Jansen",4000,"Mil@LAD 04:10PM ET",5.300
"RP","Marcos Mateo",4000,"SD@Tex 03:05PM ET",4.163
"RP","Joe Thatcher",4000,"Hou@TB 01:10PM ET",1.724
"RP","James Russell",4000,"CWS@ChC 02:20PM ET",1.547
"SP","Mike Pelfrey",4000,"Det@Min 02:10PM ET",9.538
"RP","Deolis Guerra",4000,"StL@Pit 08:05PM ET",8.100
"RP","Luke Hochevar",4000,"Tor@KC 02:10PM ET",2.305
"RP","Andrew Miller",4000,"NYY@Bos 01:35PM ET",4.691
"RP","Jeremy Jeffress",4000,"Mil@LAD 04:10PM ET",2.867
"RP","Darren O'Day",4000,"Was@Bal 01:35PM ET",4.581
"RP","Bryan Morris",4000,"Cin@Mia 01:10PM ET",2.850
"RP","David Huff",4000,"Mil@LAD 04:10PM ET",0.567
"SP","Steven Wright",4000,"NYY@Bos 01:35PM ET",7.736
"RP","Zach Britton",4000,"Was@Bal 01:35PM ET",3.576
"RP","Joe Smith",4000,"LAA@Sea 04:10PM ET",2.941
"RP","Zach McAllister",4000,"Oak@Cle 01:10PM ET",4.423
"RP","Jared Hughes",4000,"StL@Pit 08:05PM ET",2.281
"RP","Nate Adcock",4000,"Cin@Mia 01:10PM ET",2.435
"RP","Josh Ravin",4000,"Mil@LAD 04:10PM ET",3.507
"RP","George Kontos",4000,"Phi@SF 04:05PM ET",2.851
"RP","Jake Brigham",4000,"Atl@Col 04:10PM ET",2.475
"RP","Dellin Betances",4000,"NYY@Bos 01:35PM ET",5.834
"RP","Will Harris",4000,"Hou@TB 01:10PM ET",4.633
"RP","Mark Melancon",4000,"StL@Pit 08:05PM ET",2.774
"1B","Brandon Belt",4000,"Phi@SF 04:05PM ET",7.400
"RP","Vinnie Pestano",4000,"LAA@Sea 04:10PM ET",1.466
"RP","David Carpenter",4000,"Was@Bal 01:35PM ET",1.417
"RP","Tony Watson",4000,"StL@Pit 08:05PM ET",3.455
"RP","Jeff Manship",4000,"Oak@Cle 01:10PM ET",5.120
"RP","Casey Fien",4000,"Det@Min 02:10PM ET",2.191
"RP","David Robertson",4000,"CWS@ChC 02:20PM ET",4.689
"RP","Sam Dyson",4000,"Cin@Mia 01:10PM ET",2.809
"RP","Brad Boxberger",4000,"Hou@TB 01:10PM ET",3.435
"RP","Luke Gregerson",4000,"Hou@TB 01:10PM ET",3.188
"RP","Hector Rondon",4000,"CWS@ChC 02:20PM ET",3.087
"RP","Miguel Socolovich",4000,"StL@Pit 08:05PM ET",4.433
"RP","Alex Torres",4000,"Ari@NYM 01:10PM ET",2.275
"RP","Antonio Bastardo",4000,"StL@Pit 08:05PM ET",2.435
"RP","Jeanmar Gomez",4000,"Phi@SF 04:05PM ET",2.683
"RP","Al Alburquerque",4000,"Det@Min 02:10PM ET",2.953
"RP","Fernando Salas",4000,"LAA@Sea 04:10PM ET",2.532
"RP","John Axford",4000,"Atl@Col 04:10PM ET",2.766
"RP","Phillippe Aumont",4000,"Phi@SF 04:05PM ET",-4.200
"RP","Brett Cecil",4000,"Tor@KC 02:10PM ET",2.594
"RP","Brandon Gomes",4000,"Hou@TB 01:10PM ET",2.098
"RP","Justin De Fratus",4000,"Phi@SF 04:05PM ET",2.689
"RP","Shawn Kelley",4000,"SD@Tex 03:05PM ET",3.510
"RP","Marc Rzepczynski",4000,"Oak@Cle 01:10PM ET",1.424
"RP","Tommy Hunter",4000,"Was@Bal 01:35PM ET",2.423
"RP","Steve Cishek",4000,"Cin@Mia 01:10PM ET",2.076
"RP","Josh Fields",4000,"Hou@TB 01:10PM ET",4.022
"RP","Greg Holland",4000,"Tor@KC 02:10PM ET",3.569
"RP","Neil Ramirez",4000,"CWS@ChC 02:20PM ET",2.225
"1B","Mitch Moreland",4000,"SD@Tex 03:05PM ET",7.928
"RP","Michael Blazek",4000,"Mil@LAD 04:10PM ET",4.573
"RP","Justin Grimm",4000,"CWS@ChC 02:20PM ET",3.764
"RP","Sammy Solis",4000,"Was@Bal 01:35PM ET",3.083
"RP","Hunter Strickland",4000,"Phi@SF 04:05PM ET",3.705
"RP","Pedro Baez",4000,"Mil@LAD 04:10PM ET",3.655
"RP","Mitch Harris",4000,"StL@Pit 08:05PM ET",2.029
"RP","Sam Freeman",4000,"SD@Tex 03:05PM ET",1.565
"RP","Tommy Layne",4000,"NYY@Bos 01:35PM ET",2.173
"RP","Evan Scribner",4000,"Oak@Cle 01:10PM ET",3.324
"RP","Jake Diekman",4000,"Phi@SF 04:05PM ET",2.547
"RP","Luis Garcia",4000,"Phi@SF 04:05PM ET",2.631
"RP","Fernando Abad",4000,"Oak@Cle 01:10PM ET",1.703
"RP","Juan Nicasio",4000,"Mil@LAD 04:10PM ET",3.726
"SP","Jose Alvarez",4000,"LAA@Sea 04:10PM ET",3.288
"RP","Brian Matusz",4000,"Was@Bal 01:35PM ET",3.291
"RP","Christian Friedrich",4000,"Atl@Col 04:10PM ET",2.030
"SP","Mike Montgomery",4000,"LAA@Sea 04:10PM ET",19.369
"RP","Tanner Scheppers",4000,"SD@Tex 03:05PM ET",2.442
"RP","Robbie Ross Jr.",4000,"NYY@Bos 01:35PM ET",2.826
"RP","Craig Kimbrel",4000,"SD@Tex 03:05PM ET",3.647
"RP","Justin Wilson",4000,"NYY@Bos 01:35PM ET",2.411
"RP","Zach Putnam",4000,"CWS@ChC 02:20PM ET",3.668
"RP","Anthony Bass",4000,"SD@Tex 03:05PM ET",4.339
"RP","Chris Rusin",4000,"Atl@Col 04:10PM ET",11.306
"RP","Pedro Villarreal",4000,"Cin@Mia 01:10PM ET",1.782
"RP","Will Smith",4000,"Mil@LAD 04:10PM ET",3.517
"RP","Dan Jennings",4000,"CWS@ChC 02:20PM ET",1.652
"RP","Blaine Hardy",4000,"Det@Min 02:10PM ET",3.043
"RP","Danny Farquhar",4000,"LAA@Sea 04:10PM ET",1.668
"RP","J.J. Hoover",4000,"Cin@Mia 01:10PM ET",3.274
"RP","Daniel Webb",4000,"CWS@ChC 02:20PM ET",3.236
"RP","Brad Brach",4000,"Was@Bal 01:35PM ET",4.633
"RP","David Rollins",4000,"LAA@Sea 04:10PM ET",1.400
"RP","Aaron Barrett",4000,"Was@Bal 01:35PM ET",2.627
"RP","Brandon Maurer",4000,"SD@Tex 03:05PM ET",3.299
"RP","Austin Adams",4000,"Oak@Cle 01:10PM ET",3.305
"2B/3B","Anthony Rendon",4000,"Was@Bal 01:35PM ET",6.333
"RP","Randall Delgado",4000,"Ari@NYM 01:10PM ET",3.464
"RP","Kelvin Herrera",4000,"Tor@KC 02:10PM ET",3.191
"RP","Jenrry Mejia",4000,"Ari@NYM 01:10PM ET",0
"RP","Bryan Shaw",4000,"Oak@Cle 01:10PM ET",2.556
"RP","Arodys Vizcaino",4000,"Atl@Col 04:10PM ET",2.588
"RP","Yohan Flande",4000,"Atl@Col 04:10PM ET",3.320
"RP","Jeurys Familia",4000,"Ari@NYM 01:10PM ET",3.861
"RP","Luis Avilan",4000,"Atl@Col 04:10PM ET",2.011
"RP","Arquimedes Caminero",4000,"StL@Pit 08:05PM ET",2.894
"RP","Kevin Siegrist",4000,"StL@Pit 08:05PM ET",3.660
"RP","Bo Schultz",4000,"Tor@KC 02:10PM ET",4.769
"RP","Koji Uehara",4000,"NYY@Bos 01:35PM ET",3.357
"RP","Junichi Tazawa",4000,"NYY@Bos 01:35PM ET",3.201
"RP","Drew Storen",4000,"Was@Bal 01:35PM ET",3.449
"SP","David Holmberg",4000,"Cin@Mia 01:10PM ET",0
"RP","Alex Wilson",4000,"Det@Min 02:10PM ET",3.576
"SP","David Hale",4000,"Atl@Col 04:10PM ET",10.094
"RP","Ian Krol",4000,"Det@Min 02:10PM ET",1.654
"RP","Aaron Loup",4000,"Tor@KC 02:10PM ET",2.266
"RP","David Carpenter",4000,"Atl@Col 04:10PM ET",3.350
"RP","Ryan Tepera",4000,"Tor@KC 02:10PM ET",2.838
"RP","A.J. Ramos",4000,"Cin@Mia 01:10PM ET",4.032
"RP","Trevor Rosenthal",4000,"StL@Pit 08:05PM ET",3.834
"RP","Jake Petricka",4000,"CWS@ChC 02:20PM ET",2.253
"RP","Mike Morin",4000,"LAA@Sea 04:10PM ET",1.117
"RP","Enrique Burgos",4000,"Ari@NYM 01:10PM ET",3.970
"RP","Ken Giles",4000,"Phi@SF 04:05PM ET",3.691
"SP","Buck Farmer",4000,"Det@Min 02:10PM ET",3.517
"RP","Bruce Rondon",4000,"Det@Min 02:10PM ET",2.038
"RP","Felipe Rivero",4000,"Was@Bal 01:35PM ET",4.258
"RP","Carlos Contreras",4000,"Cin@Mia 01:10PM ET",1.167
"SP","Williams Perez",4000,"Atl@Col 04:10PM ET",11.645
"SP","Jose Urena",4000,"Cin@Mia 01:10PM ET",6.894
"RP","Gonzalez Germen",4000,"Atl@Col 04:10PM ET",2.750
"RP","Hansel Robles",4000,"Ari@NYM 01:10PM ET",2.262
"RP","Yimi Garcia",4000,"Mil@LAD 04:10PM ET",3.570
"RP","Aroldis Chapman",4000,"Cin@Mia 01:10PM ET",4.853
"RP","Seth Maness",4000,"StL@Pit 08:05PM ET",1.727
"RP","Tommy Kahnle",4000,"Atl@Col 04:10PM ET",3.139
"RP","Shawn Tolleson",4000,"SD@Tex 03:05PM ET",3.184
"SP","Toru Murata",4000,"Oak@Cle 01:10PM ET",2.500
"RP","Donn Roach",4000,"CWS@ChC 02:20PM ET",-3.900
"RP","Josh Osich",4000,"Phi@SF 04:05PM ET",3.160
"RP","Chasen Shreve",4000,"NYY@Bos 01:35PM ET",4.395
"RP","Ryan O'Rourke",4000,"Det@Min 02:10PM ET",4.000
"SP","Chase Whitley",4000,"NYY@Bos 01:35PM ET",11.325
"RP","Cody Allen",4000,"Oak@Cle 01:10PM ET",3.942
"RP","Scott Copeland",4000,"Tor@KC 02:10PM ET",2.580
"RP","Josh Smith",4000,"Cin@Mia 01:10PM ET",2.117
"RP","Adam Liberatore",4000,"Mil@LAD 04:10PM ET",2.260
"RP","Jeff Ferrell",4000,"Det@Min 02:10PM ET",-0.950
"RP","Hector Neris",4000,"Phi@SF 04:05PM ET",3.440
"RP","J.R. Graham",4000,"Det@Min 02:10PM ET",4.135
"RP","Roberto Osuna",4000,"Tor@KC 02:10PM ET",3.663
"RP","Andrew Chafin",4000,"Ari@NYM 01:10PM ET",3.629
"RP","Adam Conley",4000,"Cin@Mia 01:10PM ET",6.650
"RP","Sean Gilmartin",4000,"Ari@NYM 01:10PM ET",2.575
"RP","Carter Capps",4000,"Cin@Mia 01:10PM ET",5.889
"RP","Carson Smith",4000,"LAA@Sea 04:10PM ET",3.824
"RP","Kevin Quackenbush",4000,"SD@Tex 03:05PM ET",2.692
"RP","Elvis Araujo",4000,"Phi@SF 04:05PM ET",2.265
"RP","Spencer Patton",4000,"SD@Tex 03:05PM ET",1.060
"SP","Phil Klein",4000,"SD@Tex 03:05PM ET",1.800
"RP","Keone Kela",4000,"SD@Tex 03:05PM ET",2.988
"RP","Brandon Finnegan",4000,"Tor@KC 02:10PM ET",4.835
"RP","Trevor Gott",4000,"LAA@Sea 04:10PM ET",2.750
"SP","Tyler Wagner",4000,"Mil@LAD 04:10PM ET",-3.750
"RP","Kyle Crockett",4000,"Oak@Cle 01:10PM ET",2.770
"RP","Corey Knebel",4000,"Mil@LAD 04:10PM ET",2.873
"3B","Juan Uribe",3900,"Atl@Col 04:10PM ET",5.536
"1B","Adrian Gonzalez",3900,"Mil@LAD 04:10PM ET",8.114
"1B/OF","Brandon Moss",3900,"Oak@Cle 01:10PM ET",6.805
"C","Russell Martin",3900,"Tor@KC 02:10PM ET",7.532
"OF","Nick Markakis",3900,"Atl@Col 04:10PM ET",6.402
"3B","Trevor Plouffe",3900,"Det@Min 02:10PM ET",7.282
"2B/OF","Steve Pearce",3900,"Was@Bal 01:35PM ET",5.509
"1B/3B","Chris Johnson",3900,"Atl@Col 04:10PM ET",3.568
"C","Salvador Perez",3900,"Tor@KC 02:10PM ET",6.564
"OF","Anthony Gose",3900,"Det@Min 02:10PM ET",6.549
"3B","Kyle Seager",3900,"LAA@Sea 04:10PM ET",6.580
"3B","Miguel Sano",3900,"Det@Min 02:10PM ET",8.600
"3B","Maikel Franco",3900,"Phi@SF 04:05PM ET",8.426
"2B/3B","Jace Peterson",3900,"Atl@Col 04:10PM ET",6.439
"SS","Carlos Correa",3900,"Hou@TB 01:10PM ET",9.226
"OF","Jorge Soler",3900,"CWS@ChC 02:20PM ET",6.321
"3B/OF","Yasmany Tomas",3900,"Ari@NYM 01:10PM ET",6.800
"3B","Adrian Beltre",3800,"SD@Tex 03:05PM ET",6.485
"OF","Marlon Byrd",3800,"Cin@Mia 01:10PM ET",7.123
"OF","Rajai Davis",3800,"Det@Min 02:10PM ET",6.817
"SS","Jhonny Peralta",3800,"StL@Pit 08:05PM ET",7.341
"1B/3B","Ryan Zimmerman",3800,"Was@Bal 01:35PM ET",6.232
"3B","Chase Headley",3800,"NYY@Bos 01:35PM ET",6.256
"1B/3B","Carlos Santana",3800,"Oak@Cle 01:10PM ET",7.370
"1B/2B","Jimmy Paredes",3800,"Was@Bal 01:35PM ET",7.821
"3B","Mike Moustakas",3800,"Tor@KC 02:10PM ET",7.039
"C","Jonathan Lucroy",3800,"Mil@LAD 04:10PM ET",5.958
"OF","Ben Revere",3800,"Phi@SF 04:05PM ET",7.271
"OF","Avisail Garcia",3800,"CWS@ChC 02:20PM ET",6.260
"3B","Matt Carpenter",3800,"StL@Pit 08:05PM ET",8.000
"OF","Kevin Pillar",3800,"Tor@KC 02:10PM ET",6.966
"2B","Rougned Odor",3800,"SD@Tex 03:05PM ET",6.137
"C","A.J. Pierzynski",3700,"Atl@Col 04:10PM ET",6.661
"2B","Brandon Phillips",3700,"Cin@Mia 01:10PM ET",6.688
"OF","Alex Rios",3700,"Tor@KC 02:10PM ET",5.524
"3B/OF","Kelly Johnson",3700,"Atl@Col 04:10PM ET",5.807
"OF","Jonny Gomes",3700,"Atl@Col 04:10PM ET",4.175
"OF","Curtis Granderson",3700,"Ari@NYM 01:10PM ET",7.000
"1B/OF","Mark Trumbo",3700,"LAA@Sea 04:10PM ET",6.224
"3B","David Freese",3700,"LAA@Sea 04:10PM ET",6.226
"OF","Desmond Jennings",3700,"Hou@TB 01:10PM ET",5.211
"OF","Josh Reddick",3700,"Oak@Cle 01:10PM ET",7.598
"OF","Khris Davis",3700,"Mil@LAD 04:10PM ET",6.184
"OF","David Peralta",3700,"Ari@NYM 01:10PM ET",6.457
"SS","Jean Segura",3700,"Mil@LAD 04:10PM ET",6.466
"C","Josmil Pinto",3700,"Det@Min 02:10PM ET",0
"OF","Leonys Martin",3700,"SD@Tex 03:05PM ET",5.487
"2B/3B","DJ LeMahieu",3700,"Atl@Col 04:10PM ET",7.253
"3B","Nick Castellanos",3700,"Det@Min 02:10PM ET",5.524
"OF","Christian Yelich",3700,"Cin@Mia 01:10PM ET",6.414
"OF","Joc Pederson",3700,"Mil@LAD 04:10PM ET",7.693
"2B","Devon Travis",3700,"Tor@KC 02:10PM ET",8.098
"OF","Byron Buxton",3700,"Det@Min 02:10PM ET",3.909
"OF","Yasiel Puig",3700,"Mil@LAD 04:10PM ET",6.568
"OF","Coco Crisp",3600,"Oak@Cle 01:10PM ET",2.692
"OF","Shane Victorino",3600,"NYY@Bos 01:35PM ET",4.393
"C","John Jaso",3600,"Hou@TB 01:10PM ET",7.857
"OF","Melky Cabrera",3600,"CWS@ChC 02:20PM ET",6.012
"SS","Ian Desmond",3600,"Was@Bal 01:35PM ET",5.699
"OF","Dexter Fowler",3600,"CWS@ChC 02:20PM ET",7.179
"1B","Chris Carter",3600,"Hou@TB 01:10PM ET",6.393
"OF","Will Venable",3600,"SD@Tex 03:05PM ET",5.378
"OF","Austin Jackson",3600,"LAA@Sea 04:10PM ET",6.047
"OF","Jarrod Dyson",3600,"Tor@KC 02:10PM ET",5.400
"OF","Gerardo Parra",3600,"Mil@LAD 04:10PM ET",6.663
"C","Matt Wieters",3600,"Was@Bal 01:35PM ET",6.160
"C","Yasmani Grandal",3600,"Mil@LAD 04:10PM ET",7.594
"SS","Jordy Mercer",3600,"StL@Pit 08:05PM ET",4.750
"1B/OF","Joey Butler",3600,"Hou@TB 01:10PM ET",6.322
"OF","Billy Burns",3600,"Oak@Cle 01:10PM ET",8.387
"1B","Evan Gattis",3600,"Hou@TB 01:10PM ET",6.918
"OF","Josh Hamilton",3500,"SD@Tex 03:05PM ET",6.571
"C","Yadier Molina",3500,"StL@Pit 08:05PM ET",5.519
"SS","Erick Aybar",3500,"LAA@Sea 04:10PM ET",6.119
"2B/OF","Ben Zobrist",3500,"Oak@Cle 01:10PM ET",7.368
"OF","Seth Smith",3500,"LAA@Sea 04:10PM ET",5.816
"2B/3B","Luis Valbuena",3500,"Hou@TB 01:10PM ET",7.115
"OF","Michael Saunders",3500,"Tor@KC 02:10PM ET",4.222
"3B/SS","Eduardo Nunez",3500,"Det@Min 02:10PM ET",5.730
"2B/3B","Justin Turner",3500,"Mil@LAD 04:10PM ET",6.442
"C","Wilson Ramos",3500,"Was@Bal 01:35PM ET",6.441
"OF","Juan Lagares",3500,"Ari@NYM 01:10PM ET",5.578
"SS","Zack Cozart",3500,"Cin@Mia 01:10PM ET",7.241
"1B/3B","Pedro Alvarez",3500,"StL@Pit 08:05PM ET",6.198
"1B","Yonder Alonso",3500,"SD@Tex 03:05PM ET",6.145
"1B/2B","Logan Forsythe",3500,"Hou@TB 01:10PM ET",6.886
"SS","Brandon Crawford",3500,"Phi@SF 04:05PM ET",7.482
"C","Alex Avila",3500,"Det@Min 02:10PM ET",5.400
"3B","Jake Lamb",3500,"Ari@NYM 01:10PM ET",6.541
"OF","Gregory Polanco",3500,"StL@Pit 08:05PM ET",6.298
"OF","Delino DeShields",3500,"SD@Tex 03:05PM ET",7.189
"3B/SS","Jung Ho Kang",3500,"StL@Pit 08:05PM ET",5.915
"3B","Aramis Ramirez",3400,"Mil@LAD 04:10PM ET",5.753
"OF","Carl Crawford",3400,"Mil@LAD 04:10PM ET",4.667
"OF","Alejandro De Aza",3400,"NYY@Bos 01:35PM ET",6.700
"3B","Pablo Sandoval",3400,"NYY@Bos 01:35PM ET",5.910
"1B/OF","Kyle Blanks",3400,"SD@Tex 03:05PM ET",7.316
"C","Francisco Cervelli",3400,"StL@Pit 08:05PM ET",6.162
"C","Nick Hundley",3400,"Atl@Col 04:10PM ET",6.862
"OF","Scott Van Slyke",3400,"Mil@LAD 04:10PM ET",4.480
"1B/OF","Logan Morrison",3400,"LAA@Sea 04:10PM ET",6.276
"OF","Travis Snider",3400,"Was@Bal 01:35PM ET",5.246
"3B/OF","Danny Valencia",3400,"Tor@KC 02:10PM ET",6.061
"1B","Lucas Duda",3400,"Ari@NYM 01:10PM ET",7.129
"C","Derek Norris",3400,"SD@Tex 03:05PM ET",6.624
"1B/C","Wilin Rosario",3400,"Atl@Col 04:10PM ET",4.836
"2B","Kolten Wong",3400,"StL@Pit 08:05PM ET",7.529
"SS","Didi Gregorius",3400,"NYY@Bos 01:35PM ET",4.988
"2B","Scooter Gennett",3400,"Mil@LAD 04:10PM ET",4.898
"SS","Danny Santana",3400,"Det@Min 02:10PM ET",4.723
"2B/SS","Jurickson Profar",3400,"SD@Tex 03:05PM ET",0
"OF","Adam Eaton",3400,"CWS@ChC 02:20PM ET",6.850
"2B","Joe Panik",3400,"Phi@SF 04:05PM ET",7.679
"SS","Brad Miller",3400,"LAA@Sea 04:10PM ET",5.928
"OF","Rusney Castillo",3400,"NYY@Bos 01:35PM ET",3.654
"SS","Jimmy Rollins",3300,"Mil@LAD 04:10PM ET",5.694
"1B","Adam LaRoche",3300,"CWS@ChC 02:20PM ET",5.963
"OF","Angel Pagan",3300,"Phi@SF 04:05PM ET",5.512
"OF","Nate McLouth",3300,"Was@Bal 01:35PM ET",0
"C","Dioner Navarro",3300,"Tor@KC 02:10PM ET",5.069
"1B","Ryan Howard",3300,"Phi@SF 04:05PM ET",6.457
"1B","James Loney",3300,"Hou@TB 01:10PM ET",6.000
"OF","Melvin Upton Jr.",3300,"SD@Tex 03:05PM ET",4.481
"2B/SS","Stephen Drew",3300,"NYY@Bos 01:35PM ET",5.013
"3B/SS","Yunel Escobar",3300,"Was@Bal 01:35PM ET",6.692
"OF","Nori Aoki",3300,"Phi@SF 04:05PM ET",7.338
"OF","Chris Coghlan",3300,"CWS@ChC 02:20PM ET",5.616
"OF","Cole Gillespie",3300,"Cin@Mia 01:10PM ET",6.333
"OF","Jason Heyward",3300,"StL@Pit 08:05PM ET",7.036
"OF","Brandon Guyer",3300,"Hou@TB 01:10PM ET",5.221
"3B","Brett Lawrie",3300,"Oak@Cle 01:10PM ET",6.381
"SS","Starlin Castro",3300,"CWS@ChC 02:20PM ET",5.765
"3B/OF","Brock Holt",3300,"NYY@Bos 01:35PM ET",6.671
"1B","Jon Singleton",3300,"Hou@TB 01:10PM ET",4.000
"C","Yan Gomes",3300,"Oak@Cle 01:10PM ET",4.816
"OF","Ender Inciarte",3300,"Ari@NYM 01:10PM ET",7.000
"2B/3B","Jonathan Schoop",3300,"Was@Bal 01:35PM ET",7.400
"OF","Kevin Kiermaier",3300,"Hou@TB 01:10PM ET",5.882
"C","James McCann",3300,"Det@Min 02:10PM ET",5.638
"2B","Omar Infante",3200,"Tor@KC 02:10PM ET",4.519
"2B","Chase Utley",3200,"Phi@SF 04:05PM ET",4.846
"1B/OF","Garrett Jones",3200,"NYY@Bos 01:35PM ET",3.923
"C","Rene Rivera",3200,"Hou@TB 01:10PM ET",3.784
"C","Miguel Montero",3200,"CWS@ChC 02:20PM ET",5.459
"OF","Michael Bourn",3200,"Oak@Cle 01:10PM ET",4.316
"SS","Asdrubal Cabrera",3200,"Hou@TB 01:10PM ET",5.151
"C","Chris Iannetta",3200,"LAA@Sea 04:10PM ET",4.561
"OF","Colby Rasmus",3200,"Hou@TB 01:10PM ET",6.083
"SS","Elvis Andrus",3200,"SD@Tex 03:05PM ET",5.824
"OF","Chris Colabello",3200,"Tor@KC 02:10PM ET",8.315
"OF","Jon Jay",3200,"StL@Pit 08:05PM ET",3.947
"2B/3B","Daniel Murphy",3200,"Ari@NYM 01:10PM ET",5.954
"OF","Domonic Brown",3200,"Phi@SF 04:05PM ET",4.269
"1B/C","Stephen Vogt",3200,"Oak@Cle 01:10PM ET",7.595
"3B","Will Middlebrooks",3200,"SD@Tex 03:05PM ET",4.759
"SS","Alexei Ramirez",3200,"CWS@ChC 02:20PM ET",5.060
"OF","Aaron Hicks",3200,"Det@Min 02:10PM ET",5.947
"OF","Randal Grichuk",3200,"StL@Pit 08:05PM ET",6.862
"SS","Eugenio Suarez",3200,"Cin@Mia 01:10PM ET",7.240
"3B/SS","Jose Iglesias",3200,"Det@Min 02:10PM ET",5.500
"2B","Tommy La Stella",3200,"CWS@ChC 02:20PM ET",4.000
"2B/3B","Matt Duffy",3200,"Phi@SF 04:05PM ET",7.107
"2B/SS","Addison Russell",3200,"CWS@ChC 02:20PM ET",5.357
"C","Robinson Chirinos",3100,"SD@Tex 03:05PM ET",6.224
"OF","Chris Young",3100,"NYY@Bos 01:35PM ET",5.025
"C","Ryan Hanigan",3100,"NYY@Bos 01:35PM ET",5.600
"2B/3B","Maicer Izturis",3100,"Tor@KC 02:10PM ET",0
"2B/3B","Martin Prado",3100,"Cin@Mia 01:10PM ET",6.159
"1B","Billy Butler",3100,"Oak@Cle 01:10PM ET",6.429
"C","Michael McKenry",3100,"Atl@Col 04:10PM ET",5.048
"C","Devin Mesoraco",3100,"Cin@Mia 01:10PM ET",2.435
"3B/SS","Freddy Galvis",3100,"Phi@SF 04:05PM ET",5.793
"1B/2B","Yangervis Solarte",3100,"SD@Tex 03:05PM ET",5.309
"2B/SS","Ryan Flaherty",3100,"Was@Bal 01:35PM ET",5.415
"2B/3B","Danny Espinosa",3100,"Was@Bal 01:35PM ET",6.675
"C","Christian Vazquez",3100,"NYY@Bos 01:35PM ET",0
"2B/SS","Wilmer Flores",3100,"Ari@NYM 01:10PM ET",5.988
"OF","Michael A. Taylor",3100,"Was@Bal 01:35PM ET",5.887
"OF","Matt den Dekker",3100,"Was@Bal 01:35PM ET",2.600
"2B/3B","Jedd Gyorko",3100,"SD@Tex 03:05PM ET",3.842
"3B/SS","Marcus Semien",3100,"Oak@Cle 01:10PM ET",6.169
"1B","C.J. Cron",3100,"LAA@Sea 04:10PM ET",5.205
"OF","Preston Tucker",3100,"Hou@TB 01:10PM ET",5.906
"SS","Francisco Lindor",3100,"Oak@Cle 01:10PM ET",5.240
"1B/OF","Michael Morse",3000,"Cin@Mia 01:10PM ET",4.047
"SS","J.J. Hardy",3000,"Was@Bal 01:35PM ET",5.259
"OF","Gregor Blanco",3000,"Phi@SF 04:05PM ET",5.348
"C","Chris Stewart",3000,"StL@Pit 08:05PM ET",4.667
"C","Carlos Ruiz",3000,"Phi@SF 04:05PM ET",4.776
"2B/3B","Aaron Hill",3000,"Ari@NYM 01:10PM ET",4.294
"C","Jarrod Saltalamacchia",3000,"Ari@NYM 01:10PM ET",4.448
"OF","Jordan Schafer",3000,"Det@Min 02:10PM ET",2.821
"OF","Drew Stubbs",3000,"Atl@Col 04:10PM ET",3.400
"1B/C","Jesus Montero",3000,"LAA@Sea 04:10PM ET",3.500
"1B","Ike Davis",3000,"Oak@Cle 01:10PM ET",5.320
"OF","Dustin Ackley",3000,"LAA@Sea 04:10PM ET",3.737
"2B","Chris Owings",3000,"Ari@NYM 01:10PM ET",5.600
"1B/OF","Ben Paulsen",3000,"Atl@Col 04:10PM ET",5.620
"1B","Matt Adams",3000,"StL@Pit 08:05PM ET",5.395
"3B/SS","Adeiny Hechavarria",3000,"Cin@Mia 01:10PM ET",6.165
"C","Curt Casali",3000,"Hou@TB 01:10PM ET",4.167
"OF","Eddie Rosario",3000,"Det@Min 02:10PM ET",6.407
"C","Blake Swihart",3000,"NYY@Bos 01:35PM ET",4.700
"OF","Tyler Collins",3000,"Det@Min 02:10PM ET",5.944
"OF","David Murphy",2900,"Oak@Cle 01:10PM ET",4.829
"OF","Andre Ethier",2900,"Mil@LAD 04:10PM ET",6.198
"C","Kurt Suzuki",2900,"Det@Min 02:10PM ET",4.901
"OF","Brandon Barnes",2900,"Atl@Col 04:10PM ET",4.551
"OF","Nolan Reimold",2900,"Was@Bal 01:35PM ET",4.737
"OF","Paulo Orlando",2900,"Tor@KC 02:10PM ET",5.778
"C","Tyler Flowers",2900,"CWS@ChC 02:20PM ET",4.623
"OF","Alex Presley",2900,"Hou@TB 01:10PM ET",2.143
"C","Welington Castillo",2900,"Ari@NYM 01:10PM ET",5.204
"OF","Ezequiel Carrera",2900,"Tor@KC 02:10PM ET",3.579
"C","Kyle Skipworth",2900,"Cin@Mia 01:10PM ET",0
"C","Jason Castro",2900,"Hou@TB 01:10PM ET",5.286
"1B","Justin Smoak",2900,"Tor@KC 02:10PM ET",4.279
"C","Caleb Joseph",2900,"Was@Bal 01:35PM ET",5.763
"OF/SS","Eduardo Escobar",2900,"Det@Min 02:10PM ET",5.333
"SS","Alexi Amarista",2900,"SD@Tex 03:05PM ET",4.134
"C","Mike Zunino",2900,"LAA@Sea 04:10PM ET",3.988
"2B/OF","Odubel Herrera",2900,"Phi@SF 04:05PM ET",5.538
"1B/OF","Mark Canha",2900,"Oak@Cle 01:10PM ET",6.726
"C","J.T. Realmuto",2900,"Cin@Mia 01:10PM ET",5.667
"SS","Nick Ahmed",2900,"Ari@NYM 01:10PM ET",5.192
"2B/3B","Cory Spangenberg",2900,"SD@Tex 03:05PM ET",4.448
"SS","Corey Seager",2900,"Mil@LAD 04:10PM ET",0
"OF","Franklin Gutierrez",2800,"LAA@Sea 04:10PM ET",4.167
"OF","David DeJesus",2800,"Hou@TB 01:10PM ET",5.000
"OF","Chris Denorfia",2800,"CWS@ChC 02:20PM ET",3.977
"1B","Travis Ishikawa",2800,"StL@Pit 08:05PM ET",1.250
"C","Carlos Corporan",2800,"SD@Tex 03:05PM ET",4.875
"C","A.J. Ellis",2800,"Mil@LAD 04:10PM ET",4.069
"3B/SS","Mike Aviles",2800,"Oak@Cle 01:10PM ET",4.655
"OF","Matt Joyce",2800,"LAA@Sea 04:10PM ET",4.064
"2B/SS","Darwin Barney",2800,"Mil@LAD 04:10PM ET",0.000
"2B/SS","Charlie Culberson",2800,"Atl@Col 04:10PM ET",0
"3B","Derek Dietrich",2800,"Cin@Mia 01:10PM ET",4.880
"2B","Johnny Giavotella",2800,"LAA@Sea 04:10PM ET",5.506
"C","Josh Phegley",2800,"Oak@Cle 01:10PM ET",5.846
"OF","Jake Marisnick",2800,"Hou@TB 01:10PM ET",5.188
"1B","Justin Bour",2800,"Cin@Mia 01:10PM ET",5.500
"2B/SS","Cesar Hernandez",2800,"Phi@SF 04:05PM ET",5.329
"OF","Eury Perez",2800,"Atl@Col 04:10PM ET",2.810
"OF","Yorman Rodriguez",2800,"Cin@Mia 01:10PM ET",0
"3B/OF","Cody Asche",2800,"Phi@SF 04:05PM ET",4.716
"1B/OF","Ryan Rua",2800,"SD@Tex 03:05PM ET",4.563
"OF","Reed Johnson",2700,"Was@Bal 01:35PM ET",1.667
"C","Brayan Pena",2700,"Cin@Mia 01:10PM ET",4.590
"SS","Clint Barmes",2700,"SD@Tex 03:05PM ET",3.786
"C","Geovany Soto",2700,"CWS@ChC 02:20PM ET",3.978
"1B/OF","Nick Swisher",2700,"Oak@Cle 01:10PM ET",4.129
"C","Jose Lobaton",2700,"Was@Bal 01:35PM ET",5.636
"2B/OF","Emilio Bonifacio",2700,"CWS@ChC 02:20PM ET",1.286
"OF","John Mayberry Jr.",2700,"Ari@NYM 01:10PM ET",2.882
"C","Hank Conger",2700,"Hou@TB 01:10PM ET",5.189
"OF","Clint Robinson",2700,"Was@Bal 01:35PM ET",4.525
"C","Andrew Susac",2700,"Phi@SF 04:05PM ET",4.421
"1B/OF","Darin Ruf",2700,"Phi@SF 04:05PM ET",3.636
"3B/OF","Alex Guerrero",2700,"Mil@LAD 04:10PM ET",4.672
"2B","Marco Scutaro",2600,"Phi@SF 04:05PM ET",0
"C","Gerald Laird",2600,"Ari@NYM 01:10PM ET",0.000
"2B","Dan Uggla",2600,"Was@Bal 01:35PM ET",3.244
"1B/3B","Mark Reynolds",2600,"StL@Pit 08:05PM ET",5.128
"OF","Sam Fuld",2600,"Oak@Cle 01:10PM ET",4.000
"2B/SS","Ivan De Jesus Jr.",2600,"Cin@Mia 01:10PM ET",5.381
"OF","Peter Bourjos",2600,"StL@Pit 08:05PM ET",4.062
"OF","Justin Maxwell",2600,"Phi@SF 04:05PM ET",4.479
"3B/SS","Marwin Gonzalez",2600,"Hou@TB 01:10PM ET",5.063
"2B","Eric Sogard",2600,"Oak@Cle 01:10PM ET",4.675
"1B/3B","Brett Wallace",2600,"SD@Tex 03:05PM ET",1.571
"3B","Conor Gillaspie",2600,"CWS@ChC 02:20PM ET",4.193
"1B/C","Ryan Lavarnway",2600,"Atl@Col 04:10PM ET",3.813
"3B","Eric Campbell",2600,"Ari@NYM 01:10PM ET",4.980
"OF","Slade Heathcott",2600,"NYY@Bos 01:35PM ET",5.571
"1B/OF","Corey Hart",2500,"StL@Pit 08:05PM ET",2.286
"3B/OF","Don Kelly",2500,"Cin@Mia 01:10PM ET",0.000
"OF","Ryan Raburn",2500,"Oak@Cle 01:10PM ET",4.508
"1B/3B","Casey McGehee",2500,"Cin@Mia 01:10PM ET",3.490
"2B/SS","Brendan Ryan",2500,"NYY@Bos 01:35PM ET",4.500
"1B/2B","Sean Rodriguez",2500,"StL@Pit 08:05PM ET",2.230
"C","Martin Maldonado",2500,"Mil@LAD 04:10PM ET",3.872
"1B/OF","Chris Parmelee",2500,"Was@Bal 01:35PM ET",5.708
"C","Eric Fryer",2500,"Det@Min 02:10PM ET",16.000
"3B/SS","Ruben Tejada",2500,"Ari@NYM 01:10PM ET",5.127
"2B/3B","Gordon Beckham",2500,"CWS@ChC 02:20PM ET",3.169
"3B/SS","Miguel Rojas",2500,"Cin@Mia 01:10PM ET",2.500
"C","John Ryan Murphy",2500,"NYY@Bos 01:35PM ET",3.059
"C","Kevin Plawecki",2500,"Ari@NYM 01:10PM ET",4.216
"SS","Chris Taylor",2500,"LAA@Sea 04:10PM ET",2.778
"OF","Grady Sizemore",2400,"Hou@TB 01:10PM ET",3.420
"OF","Antoan Richardson",2400,"SD@Tex 03:05PM ET",0
"C","Roberto Perez",2400,"Oak@Cle 01:10PM ET",5.250
"3B/SS","Andrew Romine",2400,"Det@Min 02:10PM ET",2.947
"1B/OF","Tyler Moore",2400,"Was@Bal 01:35PM ET",3.250
"2B/SS","Ehire Adrianza",2400,"Phi@SF 04:05PM ET",1.286
"1B/C","Tommy Joseph",2400,"Phi@SF 04:05PM ET",0
"OF/SS","Kike Hernandez",2400,"Mil@LAD 04:10PM ET",4.463
"C","Tucker Barnhart",2400,"Cin@Mia 01:10PM ET",4.900
"C","Carlos Perez",2400,"LAA@Sea 04:10PM ET",3.784
"1B/3B","Travis Shaw",2400,"NYY@Bos 01:35PM ET",1.875
"2B/SS","Rafael Furcal",2300,"Cin@Mia 01:10PM ET",0
"OF","Ichiro Suzuki",2300,"Cin@Mia 01:10PM ET",3.193
"1B/2B","Jeff Baker",2300,"Cin@Mia 01:10PM ET",3.073
"2B/3B","Alberto Callaspo",2300,"Mil@LAD 04:10PM ET",3.319
"OF","Jeff Francoeur",2300,"Phi@SF 04:05PM ET",4.471
"2B/3B","Pedro Ciriaco",2300,"Atl@Col 04:10PM ET",3.297
"1B/3B","Adam Rosales",2300,"SD@Tex 03:05PM ET",3.854
"2B/SS","Hector Gomez",2300,"Mil@LAD 04:10PM ET",2.893
"OF","David Lough",2300,"Was@Bal 01:35PM ET",2.541
"2B/SS","Daniel Descalso",2300,"Atl@Col 04:10PM ET",2.509
"1B/OF","Daniel Nava",2300,"NYY@Bos 01:35PM ET",2.741
"2B/OF","Steve Lombardozzi",2300,"StL@Pit 08:05PM ET",0.333
"1B/OF","Xavier Scruggs",2300,"StL@Pit 08:05PM ET",4.000
"OF","Cesar Puello",2300,"Ari@NYM 01:10PM ET",0
"1B/OF","Marc Krauss",2300,"Det@Min 02:10PM ET",3.500
"SS","Deven Marrero",2300,"NYY@Bos 01:35PM ET",0.000
"2B/SS","Carlos Sanchez",2300,"CWS@ChC 02:20PM ET",3.216
"2B/3B","Phil Gosselin",2300,"Ari@NYM 01:10PM ET",3.450
"OF","Tyler Austin",2300,"NYY@Bos 01:35PM ET",0
"2B/OF","Skip Schumaker",2200,"Cin@Mia 01:10PM ET",2.548
"2B/3B","Jonathan Herrera",2200,"CWS@ChC 02:20PM ET",3.256
"2B/SS","Justin Sellers",2200,"StL@Pit 08:05PM ET",0
"C","Tuffy Gosewisch",2200,"Ari@NYM 01:10PM ET",4.474
"OF","Shane Robinson",2200,"Det@Min 02:10PM ET",3.704
"OF","Gorkys Hernandez",2200,"StL@Pit 08:05PM ET",0.714
"OF","Andrew Lambo",2200,"StL@Pit 08:05PM ET",0.550
"OF","Collin Cowgill",2200,"LAA@Sea 04:10PM ET",2.111
"1B","Shane Peterson",2200,"Mil@LAD 04:10PM ET",3.867
"3B/SS","Hernan Perez",2200,"Mil@LAD 04:10PM ET",2.111
"3B","Giovanny Urshela",2200,"Oak@Cle 01:10PM ET",4.533
"C","Cameron Rupp",2200,"Phi@SF 04:05PM ET",4.286
"2B","Taylor Lindsey",2200,"SD@Tex 03:05PM ET",0
"OF","Mason Williams",2200,"NYY@Bos 01:35PM ET",5.625
"C","David Ross",2100,"CWS@ChC 02:20PM ET",2.553
"OF","Jason Bourgeois",2100,"Cin@Mia 01:10PM ET",0.429
"C","Jeff Mathis",2100,"Cin@Mia 01:10PM ET",2.143
"2B/3B","Gregorio Petit",2100,"NYY@Bos 01:35PM ET",2.850
"2B/SS","Emmanuel Burriss",2100,"Was@Bal 01:35PM ET",0.000
"OF","Tommy Pham",2100,"StL@Pit 08:05PM ET",7.000
"OF","Jake Smolinski",2100,"Oak@Cle 01:10PM ET",2.917
"C","Jesus Sucre",2100,"LAA@Sea 04:10PM ET",0.385
"C","Sandy Leon",2100,"NYY@Bos 01:35PM ET",2.606
"OF","Kirk Nieuwenhuis",2100,"Ari@NYM 01:10PM ET",1.786
"2B/SS","Ryan Goins",2100,"Tor@KC 02:10PM ET",4.224
"OF","Brian Goodwin",2100,"Was@Bal 01:35PM ET",0
"3B","Danny Muno",2100,"Ari@NYM 01:10PM ET",1.615
"1B","Dan Johnson",2000,"StL@Pit 08:05PM ET",3.000
"3B/SS","Andres Blanco",2000,"Phi@SF 04:05PM ET",2.981
"3B/SS","Joaquin Arias",2000,"Phi@SF 04:05PM ET",1.789
"2B/SS","Cliff Pennington",2000,"Ari@NYM 01:10PM ET",2.719
"C","Drew Butera",2000,"Tor@KC 02:10PM ET",1.778
"OF","Mike Baxter",2000,"CWS@ChC 02:20PM ET",2.294
"C","Taylor Teagarden",2000,"CWS@ChC 02:20PM ET",1.667
"2B","Cole Figueroa",2000,"NYY@Bos 01:35PM ET",7.000
"3B","Josh Vitters",2000,"CWS@ChC 02:20PM ET",0
"C","Johnny Monell",2000,"Ari@NYM 01:10PM ET",2.333
"C","Juan Centeno",2000,"Mil@LAD 04:10PM ET",0.900
"C","Tony Cruz",2000,"StL@Pit 08:05PM ET",1.486
"2B/SS","Pete Kozma",2000,"StL@Pit 08:05PM ET",1.769
"2B/3B","Tyler Ladendorf",2000,"Oak@Cle 01:10PM ET",5.750
"SS","Dusty Coleman",2000,"Tor@KC 02:10PM ET",0.000
"OF","J.B. Shuck",2000,"CWS@ChC 02:20PM ET",2.841
"OF","Daniel Robertson",2000,"LAA@Sea 04:10PM ET",2.500
"1B/2B","Jake Elmore",2000,"Hou@TB 01:10PM ET",4.047
"1B/3B","Jefry Marte",2000,"Det@Min 02:10PM ET",6.250
"1B/SS","Tyler Saladino",2000,"CWS@ChC 02:20PM ET",6.000
"C","Oscar Hernandez",2000,"Ari@NYM 01:10PM ET",0
"SS","Wilmer Difo",2000,"Was@Bal 01:35PM ET",0.500
"C","Jorge Alfaro",2000,"SD@Tex 03:05PM ET",0
"2B/3B","Taylor Featherston",2000,"LAA@Sea 04:10PM ET",1.423
"SS","Trevor Story",2000,"Atl@Col 04:10PM ET",0
"C","Austin Hedges",2000,"SD@Tex 03:05PM ET",1.900
